编号,震级(M),发震时刻(UTC+8),纬度(°),经度(°),深度(千米),参考位置
1,2.7,2019/8/6 10:49,23.19,113.66,13,广东广州市增城区
2,4.5,2019/8/6 9:31,23.64,121.62,10,台湾花莲县海域
3,4.9,2019/8/6 9:19,23.61,121.7,13,台湾花莲县海域
4,5.8,2019/8/5 17:01,-18.58,-174.53,40,汤加群岛
5,5.1,2019/8/5 3:51,30.65,50.86,30,伊朗
6,5.2,2019/8/5 3:04,36.65,71.24,230,阿富汗
7,6.2,2019/8/4 18:23,37.78,141.81,40,日本本州东岸近海
8,3,2019/8/4 14:26,38.5,90.22,10,新疆巴音郭楞州若羌县
9,5.1,2019/8/4 2:11,52.26,-165.75,10,阿留申群岛以南海域
10,3,2019/8/3 19:16,27.38,101.39,19,四川凉山州盐源县
11,3,2019/8/3 17:21,41.94,81.79,10,新疆阿克苏地区拜城县
12,4.8,2019/8/3 6:24,23.63,121.58,5,台湾花莲县海域
13,4.5,2019/8/2 21:53,23.66,121.61,7,台湾花莲县海域
14,6.8,2019/8/2 20:03,-7.25,104.75,30,印尼苏门答腊岛南部海域
15,5.5,2019/8/2 4:01,-34.28,-72.29,10,智利中部沿岸近海
16,2.9,2019/8/2 2:44,45.28,124.77,7,吉林松原市宁江区
17,6.7,2019/8/2 2:28,-34.21,-72.28,10,智利中部沿岸近海
18,3.4,2019/8/1 17:13,31.07,95.16,10,西藏昌都市边坝县
19,4.2,2019/8/1 16:50,23.36,118.58,11,台湾海峡
20,5.3,2019/8/1 9:22,-19.85,133.84,10,澳大利亚北部地区
21,2.7,2019/8/6 10:49,23.19,113.66,13,广东广州市增城区
22,4.5,2019/8/6 9:31,23.64,121.62,10,台湾花莲县海域
23,4.9,2019/8/6 9:19,23.61,121.7,13,台湾花莲县海域
24,5.8,2019/8/5 17:01,-18.58,-174.53,40,汤加群岛
25,5.1,2019/8/5 3:51,30.65,50.86,30,伊朗
26,5.2,2019/8/5 3:04,36.65,71.24,230,阿富汗
27,6.2,2019/8/4 18:23,37.78,141.81,40,日本本州东岸近海
28,3,2019/8/4 14:26,38.5,90.22,10,新疆巴音郭楞州若羌县
29,5.1,2019/8/4 2:11,52.26,-165.75,10,阿留申群岛以南海域
30,3,2019/8/3 19:16,27.38,101.39,19,四川凉山州盐源县
31,3,2019/8/3 17:21,41.94,81.79,10,新疆阿克苏地区拜城县
32,4.8,2019/8/3 6:24,23.63,121.58,5,台湾花莲县海域
33,4.5,2019/8/2 21:53,23.66,121.61,7,台湾花莲县海域
34,6.8,2019/8/2 20:03,-7.25,104.75,30,印尼苏门答腊岛南部海域
35,5.5,2019/8/2 4:01,-34.28,-72.29,10,智利中部沿岸近海
36,2.9,2019/8/2 2:44,45.28,124.77,7,吉林松原市宁江区
37,6.7,2019/8/2 2:28,-34.21,-72.28,10,智利中部沿岸近海
38,3.4,2019/8/1 17:13,31.07,95.16,10,西藏昌都市边坝县
39,4.2,2019/8/1 16:50,23.36,118.58,11,台湾海峡
40,5.3,2019/8/1 9:22,-19.85,133.84,10,澳大利亚北部地区
41,2.7,2019/8/6 10:49,23.19,113.66,13,广东广州市增城区
42,4.5,2019/8/6 9:31,23.64,121.62,10,台湾花莲县海域
43,4.9,2019/8/6 9:19,23.61,121.7,13,台湾花莲县海域
44,5.8,2019/8/5 17:01,-18.58,-174.53,40,汤加群岛
45,5.1,2019/8/5 3:51,30.65,50.86,30,伊朗
46,5.2,2019/8/5 3:04,36.65,71.24,230,阿富汗
47,6.2,2019/8/4 18:23,37.78,141.81,40,日本本州东岸近海
48,3,2019/8/4 14:26,38.5,90.22,10,新疆巴音郭楞州若羌县
49,5.1,2019/8/4 2:11,52.26,-165.75,10,阿留申群岛以南海域
50,3,2019/8/3 19:16,27.38,101.39,19,四川凉山州盐源县
51,3,2019/8/3 17:21,41.94,81.79,10,新疆阿克苏地区拜城县
52,4.8,2019/8/3 6:24,23.63,121.58,5,台湾花莲县海域
53,4.5,2019/8/2 21:53,23.66,121.61,7,台湾花莲县海域
54,6.8,2019/8/2 20:03,-7.25,104.75,30,印尼苏门答腊岛南部海域
55,5.5,2019/8/2 4:01,-34.28,-72.29,10,智利中部沿岸近海
56,2.9,2019/8/2 2:44,45.28,124.77,7,吉林松原市宁江区
57,6.7,2019/8/2 2:28,-34.21,-72.28,10,智利中部沿岸近海
58,3.4,2019/8/1 17:13,31.07,95.16,10,西藏昌都市边坝县
59,4.2,2019/8/1 16:50,23.36,118.58,11,台湾海峡
60,5.3,2019/8/1 9:22,-19.85,133.84,10,澳大利亚北部地区
61,6.7,2019/7/31 23:02,-16.2,167.93,190,瓦努阿图群岛
62,5.8,2019/7/31 13:54,13.23,-89.35,70,萨尔瓦多附近海域
63,3,2019/7/31 12:16,40.78,83.56,10,新疆阿克苏地区沙雅县
64,3.3,2019/7/30 5:16,27.15,102.87,15,四川凉山州宁南县
65,5.5,2019/7/30 4:37,32.83,140.77,70,日本本州东岸远海
66,3.8,2019/7/30 1:04,28.17,104.74,8,四川宜宾市珙县
67,3,2019/7/29 4:14,30.84,103.24,17,四川成都市崇州市
68,6.4,2019/7/28 2:31,33.1,137.35,380,日本本州南岸近海
69,2.8,2019/7/28 2:21,27.4,104.21,12,云南昭通市彝良县
70,5.5,2019/7/27 9:24,20.74,121.88,10,巴坦群岛海域
71,5.9,2019/7/27 7:37,20.8,121.96,10,巴坦群岛海域
72,2.9,2019/7/27 5:39,37.82,100.97,10,青海海北州祁连县
73,5.3,2019/7/27 4:16,20.83,121.78,20,巴坦群岛海域
74,4,2019/7/26 14:39,24.77,121.8,60,台湾宜兰县
75,4.3,2019/7/26 11:24,34.4,92.68,10,青海玉树州治多县
76,2.8,2019/7/25 16:27,23.15,101.16,8,云南普洱市宁洱县
77,2.5,2019/7/24 21:12,35.29,110.97,5,山西运城市盐湖区
78,2.9,2019/7/24 17:54,21.75,111.81,15,广东阳江市江城区
79,2.8,2019/7/24 4:23,33.96,104.68,12,甘肃陇南市宕昌县
80,2.6,2019/7/24 1:17,37.5,114.37,4,河北邢台市临城县
81,3,2019/7/23 22:25,28.38,104.94,6,四川宜宾市长宁县
82,4,2019/7/23 14:56,28.74,96.06,6,西藏林芝市察隅县
83,5,2019/7/23 4:46,25.08,124.36,130,琉球群岛西南部
84,4.6,2019/7/22 20:32,42.69,87.76,8,新疆巴音郭楞州和硕县
85,5.3,2019/7/22 18:06,-3.33,131.01,30,印尼塞兰岛附近海域
86,4.1,2019/7/22 16:26,28.35,104.91,9,四川宜宾市长宁县
87,3,2019/7/22 16:19,28.38,104.84,8,四川宜宾市长宁县
88,4.7,2019/7/22 12:06,20.96,120.74,30,台湾屏东县海域
89,5.5,2019/7/22 1:35,12.25,144.41,40,马里亚纳群岛以南
90,5.1,2019/7/22 1:25,12.33,144.45,40,马里亚纳群岛以南
91,3.4,2019/7/21 22:51,26.19,100.59,14,云南丽江市永胜县
92,4.9,2019/7/21 20:23,26.16,100.62,10,云南丽江市永胜县
93,3,2019/7/21 6:51,23.34,101.97,8,云南红河州红河县
94,5.6,2019/7/21 4:43,-6.01,149.5,60,巴布亚新几内亚
95,4.8,2019/7/20 6:54,27.76,92.86,10,西藏山南市错那县
96,5.1,2019/7/19 19:13,38.1,23.55,10,希腊
97,3,2019/7/19 18:07,27.74,92.81,8,西藏山南市错那县
98,3.8,2019/7/19 17:52,27.66,92.82,8,西藏山南市错那县
99,5.6,2019/7/19 17:22,27.67,92.89,10,西藏山南市错那县
100,3.3,2019/7/19 5:51,45.28,124.72,10,吉林松原市宁江区
101,3.2,2019/7/19 1:21,28.14,104.74,11,四川宜宾市筠连县
102,3,2019/7/18 17:18,28.42,104.78,7,四川宜宾市珙县
103,3,2019/7/18 14:15,41.32,83.74,8,新疆阿克苏地区库车县
104,3,2019/7/17 19:43,39.4,74.7,8,新疆克孜勒苏州乌恰县
105,3.2,2019/7/17 11:46,26.59,100.17,10,云南大理州鹤庆县
106,5.6,2019/7/17 6:03,12.37,144.73,10,马里亚纳群岛以南
107,3.7,2019/7/16 19:12,24.22,122.49,60,台湾花莲县海域
108,3,2019/7/16 18:12,28.42,104.83,5,四川宜宾市长宁县
109,5.7,2019/7/16 8:18,-9.05,114.47,90,印尼巴厘海以南海域
110,4.1,2019/7/16 1:41,31.8,91.18,8,西藏那曲市安多县
111,2.9,2019/7/15 16:48,28.2,104.77,8,四川宜宾市珙县
112,6.1,2019/7/15 16:21,-5.95,149.45,60,巴布亚新几内亚
113,5.3,2019/7/15 7:01,-18.29,120.3,10,澳大利亚西部海域
114,3.4,2019/7/15 6:25,35.19,81.13,8,西藏阿里地区日土县
115,5.1,2019/7/14 23:44,-0.5,128.01,10,印度尼西亚哈马黑拉岛
116,2.9,2019/7/14 23:13,22.46,106.58,6,广西崇左市龙州县
117,5.7,2019/7/14 18:26,-0.51,127.8,10,印度尼西亚哈马黑拉岛
118,3,2019/7/14 18:17,28.38,104.83,7,四川宜宾市长宁县
119,5.9,2019/7/14 17:43,-0.81,127.8,10,印度尼西亚巴占岛
120,7.1,2019/7/14 17:10,-0.52,128.17,10,印度尼西亚哈马黑拉岛
121,6.7,2019/7/14 13:39,-18.25,120.27,10,澳大利亚西部海域
122,6,2019/7/13 8:57,29.15,128.26,230,东海海域
123,2.9,2019/7/13 4:45,29.44,104.54,8,四川内江市威远县
124,5.7,2019/7/13 4:42,9.3,126,10,菲律宾棉兰老岛
125,5.1,2019/7/12 5:21,23.9,122.81,7,先岛群岛海域
126,5.8,2019/7/12 1:08,-4.65,155.27,510,巴布亚新几内亚
127,3.1,2019/7/11 20:45,40.36,76.61,36,新疆克孜勒苏州阿图什市
128,5.3,2019/7/10 2:43,52.88,-167.53,30,福克斯群岛
129,5.5,2019/7/9 20:37,6.83,125.14,20,菲律宾棉兰老岛
130,5.4,2019/7/9 19:33,47.36,145.05,440,鄂霍次克海
131,2.8,2019/7/9 19:14,28.41,104.78,7,四川宜宾市珙县
132,5.7,2019/7/9 2:52,0.49,126.32,30,印尼马鲁古海
133,4.4,2019/7/9 2:35,23.82,122.48,9,台湾花莲县海域
134,5.7,2019/7/8 15:00,31.75,49.56,10,伊朗
135,3,2019/7/8 14:36,40.89,78.71,9,新疆克孜勒苏州阿合奇县
136,5.4,2019/7/8 14:20,0.45,126.27,20,印尼马鲁古海
137,2.8,2019/7/8 14:06,37.99,106.27,9,宁夏吴忠市利通区
138,3.2,2019/7/8 0:37,28.41,104.86,4,四川宜宾市长宁县
139,6.8,2019/7/7 23:08,0.48,126.21,50,印尼马鲁古海
140,3.2,2019/7/7 21:45,34.12,94.05,10,青海玉树州治多县
141,2.8,2019/7/7 16:22,28.42,104.76,11,四川宜宾市珙县
142,3.6,2019/7/6 22:35,32.52,93.57,10,青海玉树州杂多县
143,5.6,2019/7/6 19:08,-20.91,170.01,100,瓦努阿图群岛
144,6.9,2019/7/6 11:20,35.75,-117.58,10,美国加利福尼亚州
145,5.1,2019/7/6 3:59,-6.07,130.92,100,印尼班达海
146,5.5,2019/7/5 20:58,51.21,-130.55,10,加拿大夏洛特皇后群岛地区
147,5.4,2019/7/5 19:07,35.72,-117.53,10,美国加利福尼亚州
148,6.4,2019/7/5 1:33,35.71,-117.51,10,美国加利福尼亚州
149,4.2,2019/7/4 23:13,35.97,87.1,8,西藏那曲市双湖县
150,3,2019/7/4 18:01,28.13,105.02,7,四川宜宾市兴文县
151,6.2,2019/7/4 12:30,51.26,-130.45,10,加拿大夏洛特皇后群岛地区
152,3.1,2019/7/4 10:25,28.4,104.77,8,四川宜宾市珙县
153,5.6,2019/7/4 10:17,28.41,104.74,8,四川宜宾市珙县
154,3.1,2019/7/4 7:34,28.4,104.85,8,四川宜宾市长宁县
155,3,2019/7/3 19:00,28.4,104.8,15,四川宜宾市珙县
156,4.8,2019/7/3 12:26,28.4,104.85,10,四川宜宾市长宁县
157,5.7,2019/7/3 11:45,-22.12,-179.56,590,斐济群岛以南
158,5.5,2019/7/3 3:51,-43.66,123.85,10,澳大利亚南部海域
159,3.3,2019/7/2 18:17,37.41,95.4,10,青海海西州直辖区
160,5.9,2019/7/2 1:13,-15.49,167.51,100,瓦努阿图群岛
161,5.7,2019/7/2 0:59,9.31,124.31,550,菲律宾保和岛附近海域
162,2.8,2019/7/1 12:29,43.83,88.02,18,新疆乌鲁木齐市米东区（有感）
163,3,2019/7/1 2:48,41.19,83.78,7,新疆阿克苏地区库车县
164,3,2019/6/30 21:44,27.56,112.1,6,湖南娄底市双峰县
165,3.1,2019/6/30 21:32,28.44,104.81,8,四川宜宾市长宁县
166,3,2019/6/30 12:14,28.43,104.77,9,四川宜宾市珙县
167,4.8,2019/6/30 3:44,22.43,122.31,30,台湾台东县海域
168,3.1,2019/6/30 3:09,31,98.96,7,四川甘孜州白玉县
169,3.1,2019/6/30 3:07,31.02,98.96,8,四川甘孜州白玉县
170,3.1,2019/6/29 23:54,43.32,81.85,22,新疆伊犁州特克斯县
171,3,2019/6/29 23:41,41.16,83.81,6,新疆阿克苏地区库车县
172,3.4,2019/6/29 22:08,28.43,104.76,8,四川宜宾市珙县
173,4,2019/6/29 21:20,33.6,82.69,6,西藏阿里地区改则县
174,3.4,2019/6/29 10:12,27.57,112.07,8,湖南娄底市双峰县
175,6.4,2019/6/28 23:51,19.85,144.45,430,马里亚纳群岛
176,6.3,2019/6/27 19:04,-30.32,-179.21,20,新西兰克马德克群岛海域
177,3.9,2019/6/27 16:01,28.21,104.93,14,四川宜宾市兴文县
178,3,2019/6/27 7:24,28.4,104.8,9,四川宜宾市珙县
179,3.1,2019/6/27 4:55,28.43,104.8,9,四川宜宾市长宁县
180,3,2019/6/26 18:10,38.65,99.03,11,青海海北州祁连县
181,5.9,2019/6/26 13:23,8.45,-82.84,20,巴拿马
182,5.5,2019/6/26 11:18,-9.48,157.71,10,所罗门群岛
183,6.4,2019/6/26 10:18,56.2,164.16,10,科曼多尔群岛地区
184,3.3,2019/6/26 0:33,28.42,104.8,13,四川宜宾市珙县
185,3.4,2019/6/26 0:33,28.39,104.81,8,四川宜宾市珙县
186,2.9,2019/6/25 20:45,28.42,104.79,8,四川宜宾市珙县
187,6.1,2019/6/25 17:05,56.18,164.34,10,科曼多尔群岛地区
188,5.7,2019/6/25 14:01,-48.01,99.65,10,东南印度洋海岭
189,3.2,2019/6/25 3:14,37.62,77.79,26,新疆和田地区皮山县
190,3.4,2019/6/25 3:10,34.73,87.85,6,西藏那曲市双湖县
191,4.7,2019/6/24 21:24,24.98,101.67,10,云南楚雄州楚雄市
192,2.9,2019/6/24 21:19,39.84,114.56,14,河北张家口市蔚县
193,5.9,2019/6/24 19:34,-30.81,-177.41,10,新西兰克马德克群岛海域
194,5.5,2019/6/24 12:47,-2.63,138.49,20,印尼巴布亚省
195,7.3,2019/6/24 10:53,-6.36,129.24,210,班达海
196,4.1,2019/6/24 9:23,28.44,104.8,10,四川宜宾市长宁县
197,6.1,2019/6/24 9:05,-2.77,138.66,20,印尼巴布亚省
198,3.8,2019/6/24 7:34,28.37,104.83,9,四川宜宾市珙县
199,3.2,2019/6/24 4:47,28.44,104.81,10,四川宜宾市长宁县
200,3.1,2019/6/23 16:06,28.36,104.85,10,四川宜宾市长宁县
201,3.2,2019/6/23 15:21,38.65,74.12,8,新疆克孜勒苏州阿克陶县
202,5.6,2019/6/23 11:53,40.31,-124.25,10,美国加利福尼亚州
203,4.6,2019/6/23 8:28,28.39,104.82,14,四川宜宾市珙县
204,3,2019/6/23 0:12,28.44,104.81,11,四川宜宾市长宁县
205,3,2019/6/22 23:25,28.47,104.81,13,四川宜宾市长宁县
206,5.4,2019/6/22 22:29,28.43,104.77,10,四川宜宾市珙县
207,3.6,2019/6/22 20:30,28.37,104.83,8,四川宜宾市珙县
208,3.2,2019/6/22 17:53,37.62,77.81,25,新疆和田地区皮山县
209,3,2019/6/22 12:10,41.14,83.64,7,新疆阿克苏地区库车县
210,3.4,2019/6/22 9:29,28.4,104.81,7,四川宜宾市珙县
211,3.2,2019/6/22 9:28,28.41,104.82,8,四川宜宾市珙县
212,3,2019/6/22 4:09,28.42,104.8,8,四川宜宾市珙县
213,6.2,2019/6/21 16:37,-30.84,-177.43,20,新西兰克马德克群岛海域
214,3.6,2019/6/21 15:09,28.43,104.78,8,四川宜宾市珙县
215,3,2019/6/21 12:03,29.61,104.76,9,四川内江市资中县
216,3.1,2019/6/21 10:01,28.41,104.8,8,四川宜宾市珙县
217,3.4,2019/6/21 6:56,28.43,104.81,10,四川宜宾市长宁县
218,3,2019/6/21 3:28,28.43,104.8,16,四川宜宾市长宁县
219,2.9,2019/6/21 3:24,28.46,104.79,10,四川宜宾市长宁县
220,3.3,2019/6/20 22:47,28.93,87.5,5,西藏日喀则市拉孜县
221,3.7,2019/6/20 22:01,28.41,104.75,9,四川宜宾市珙县
222,3.4,2019/6/20 20:58,28.4,104.75,15,四川宜宾市珙县
223,2.9,2019/6/20 19:57,28.41,104.79,6,四川宜宾市珙县
224,5.6,2019/6/20 15:32,-17.65,-173.74,60,汤加群岛
225,3.1,2019/6/20 14:28,28.41,104.76,14,四川宜宾市珙县
226,3.2,2019/6/20 13:17,28.41,104.76,5,四川宜宾市珙县
227,3.1,2019/6/20 10:55,28.39,104.84,7,四川宜宾市长宁县
228,5.5,2019/6/20 9:23,-33.63,-68.76,150,阿根廷
229,5.8,2019/6/20 7:14,-12.55,166.21,20,圣克鲁斯群岛
230,3,2019/6/20 3:55,28.42,104.76,9,四川宜宾市珙县
231,3.4,2019/6/20 1:44,28.41,104.77,8,四川宜宾市珙县
232,6.3,2019/6/20 1:24,-2.1,138.5,10,印尼巴布亚省
233,6.4,2019/6/19 15:01,-30.7,-177.8,20,新西兰克马德克群岛海域
234,2.9,2019/6/19 13:57,28.41,104.77,7,四川宜宾市珙县
235,3,2019/6/19 4:39,28.38,104.89,8,四川宜宾市长宁县
236,3,2019/6/19 3:25,28.39,104.81,8,四川宜宾市珙县
237,3,2019/6/19 3:02,28.4,104.82,10,四川宜宾市珙县
238,5.8,2019/6/19 0:05,-31.2,-177.54,30,新西兰克马德克群岛
239,6.5,2019/6/18 21:22,38.56,139.52,20,日本本州西岸近海
240,3.3,2019/6/18 18:53,28.39,104.85,10,四川宜宾市长宁县
241,3.7,2019/6/18 14:38,28.43,104.75,10,四川宜宾市长宁县
242,3.1,2019/6/18 8:39,28.36,104.88,11,四川宜宾市长宁县
243,3.7,2019/6/18 8:14,28.39,104.8,10,四川宜宾市珙县
244,5.3,2019/6/18 7:34,28.37,104.89,17,四川宜宾市长宁县
245,3.8,2019/6/18 5:49,28.4,104.81,11,四川宜宾市珙县
246,3.9,2019/6/18 5:04,28.41,104.79,9,四川宜宾市珙县
247,4.5,2019/6/18 5:03,28.38,104.87,14,四川宜宾市长宁县
248,3,2019/6/18 4:13,28.36,104.88,9,四川宜宾市长宁县
249,3.4,2019/6/18 4:11,28.41,104.75,7,四川宜宾市珙县
250,3.1,2019/6/18 4:04,28.38,104.87,8,四川宜宾市长宁县
251,3.1,2019/6/18 2:58,28.39,104.81,9,四川宜宾市珙县
252,3.8,2019/6/18 2:57,23.37,118.55,13,台湾海峡
253,2.9,2019/6/18 1:10,28.4,104.84,8,四川宜宾市长宁县
254,3.1,2019/6/18 1:01,28.41,104.8,10,四川宜宾市珙县
255,3.8,2019/6/18 0:39,28.39,104.92,11,四川宜宾市长宁县
256,4.2,2019/6/18 0:37,28.39,104.87,10,四川宜宾市长宁县
257,4.1,2019/6/18 0:29,28.39,104.85,10,四川宜宾市长宁县
258,5.1,2019/6/17 23:36,28.43,104.77,16,四川宜宾市珙县
259,3,2019/6/17 23:23,28.4,104.9,8,四川宜宾市长宁县
260,2.9,2019/6/17 23:21,28.35,104.88,13,四川宜宾市长宁县
261,3.6,2019/6/17 23:09,28.39,104.84,10,四川宜宾市长宁县
262,6,2019/6/17 22:55,28.34,104.9,16,四川宜宾市长宁县
263,1.3,2019/6/17 19:38,42.94,130.3,0,吉林延边州珲春市(疑爆)
264,5.9,2019/6/17 14:02,-30.85,-177.6,20,新西兰克马德克群岛
265,5.4,2019/6/17 13:43,-8.9,123,100,印尼弗洛勒斯岛附近海域
266,2,2019/6/17 10:11,39.81,118.73,12,河北唐山市滦州市
267,5.7,2019/6/17 4:58,-31.69,-177.85,30,新西兰克马德克群岛
268,3.6,2019/6/16 20:51,33.33,103.75,7,四川阿坝州九寨沟县
269,6.2,2019/6/16 13:17,-30.97,-178.06,30,新西兰克马德克群岛
270,7.2,2019/6/16 6:55,-30.8,-178.1,20,新西兰克马德克群岛
271,6.2,2019/6/16 5:56,-21.15,-173.95,10,汤加群岛
272,3.6,2019/6/15 23:47,30.58,82.92,5,西藏日喀则市仲巴县
273,5.6,2019/6/15 4:10,-5.86,130.75,120,印尼班达海
274,2.5,2019/6/15 2:23,21.74,111.81,13,广东阳江市江城区
275,2.3,2019/6/14 20:42,26.48,106.74,8,贵州贵阳市南明区(有感)
276,5.3,2019/6/14 15:50,13.53,145.35,40,马里亚纳群岛
277,5.2,2019/6/14 11:53,-21.17,-173.87,10,汤加群岛
278,6.2,2019/6/14 8:19,-30.04,-72.14,10,智利中部沿岸远海
279,3.4,2019/6/12 20:51,36.64,77.46,90,新疆喀什地区叶城县
280,3.7,2019/6/11 21:56,37.35,96.56,11,青海海西州德令哈市
281,2.9,2019/6/11 7:17,36.07,117.25,7,山东泰安市岱岳区
282,3.1,2019/6/11 5:18,37.52,78.18,10,新疆和田地区皮山县
283,3.2,2019/6/11 2:07,37.46,78.16,19,新疆和田地区皮山县
284,5.5,2019/6/11 1:14,17.33,147.71,30,马里亚纳群岛地区
285,5.5,2019/6/11 0:59,-6.71,131.93,20,印尼塔宁巴尔群岛地区
286,3,2019/6/9 22:17,41.2,83.66,16,新疆阿克苏地区库车县
287,3.2,2019/6/9 1:36,42.03,119.86,15,辽宁朝阳市建平县
288,3.8,2019/6/8 5:47,42.23,80.47,5,新疆阿克苏地区温宿县
289,3.7,2019/6/6 20:45,33.28,83.56,6,西藏阿里地区改则县
290,3.1,2019/6/6 18:44,39.6,96.16,13,甘肃酒泉市肃北县
291,5.5,2019/6/6 4:41,6.5,124.25,470,菲律宾棉兰老岛
292,3.8,2019/6/6 3:27,23.78,121.74,20,台湾花莲县海域
293,5.5,2019/6/6 0:19,-27.41,-70.14,80,智利
294,3,2019/6/5 18:12,41.19,83.65,10,新疆阿克苏地区库车县
295,3,2019/6/5 16:07,28.11,103.64,5,云南昭通市永善县
296,4.1,2019/6/5 15:26,28.11,103.63,8,云南昭通市永善县
297,2.9,2019/6/5 0:32,33.32,105.19,10,甘肃陇南市武都区
298,5.8,2019/6/4 17:46,22.82,121.75,9,台湾台东县海域
299,6.4,2019/6/4 12:39,29.05,139.35,430,日本本州东南海域
300,3,2019/6/4 8:33,43.56,89.45,7,新疆昌吉州奇台县
301,3,2019/6/4 2:09,27.56,101.22,17,四川凉山州盐源县
302,5.5,2019/6/3 14:04,0.35,97.72,20,印尼苏门答腊岛北部
303,4,2019/6/3 1:47,45.38,124.81,12,吉林松原市宁江区
304,5.9,2019/6/2 18:36,-21.21,-174.02,10,汤加群岛
305,5.1,2019/6/2 11:03,0.63,98.51,50,印尼苏门答腊岛北部
306,5,2019/6/1 12:26,40.49,20.62,10,阿尔巴尼亚
307,4.2,2019/6/1 0:01,36.9,75.8,6,新疆喀什地区塔什库尔干县
308,4.2,2019/5/31 23:53,22.89,120.58,27,台湾高雄市
309,3,2019/5/31 23:29,41.29,83.8,6,新疆阿克苏地区库车县
310,2.4,2019/5/31 18:52,28.08,103.58,11,云南昭通市永善县
311,6,2019/5/31 18:12,6.28,126.61,80,菲律宾棉兰老岛附近海域
312,3.8,2019/5/31 8:36,34.44,83.03,7,西藏阿里地区改则县
313,5.9,2019/5/30 23:38,-21.67,-176.25,180,斐济群岛地区
314,6.5,2019/5/30 17:03,13.25,-89.29,80,萨尔瓦多附近海域
315,2.5,2019/5/30 11:51,25.55,105.71,6,贵州黔西南州贞丰县(有感)
316,5.1,2019/5/30 10:26,-21.5,131.9,10,澳大利亚北部地区
317,2.6,2019/5/29 16:02,34.77,111.51,7,河南三门峡市陕州区
318,3.2,2019/5/29 13:23,40.61,77.54,10,新疆克孜勒苏州阿合奇县
319,2.8,2019/5/28 16:52,29.83,121.26,6,浙江宁波市海曙区（有感）
320,3.2,2019/5/28 11:06,24.44,102.75,15,云南玉溪市江川区
321,5.6,2019/5/28 7:29,-56.4,-27.7,130,南桑威奇群岛地区
322,3,2019/5/28 6:52,25.77,99,8,云南怒江州泸水市
323,2.8,2019/5/28 3:19,24.43,102.74,15,云南玉溪市江川区
324,5.6,2019/5/27 17:52,59.04,-152.5,50,美国阿拉斯加州南部
325,5.2,2019/5/27 17:25,-8.21,158.6,120,所罗门群岛
326,5.2,2019/5/27 9:56,-21.08,-178.7,570,斐济群岛地区
327,7.8,2019/5/26 15:41,-5.85,-75.18,100,秘鲁北部
328,3,2019/5/26 14:04,40.58,78.97,7,新疆阿克苏地区柯坪县
329,4.2,2019/5/26 10:09,30.3,87.7,8,西藏日喀则市谢通门县
330,4.3,2019/5/26 9:44,30.34,87.7,8,西藏日喀则市谢通门县
331,5.5,2019/5/25 18:31,-18.95,169.05,140,瓦努阿图群岛
332,3.6,2019/5/25 18:01,32.91,85.54,7,西藏阿里地区改则县
333,2.8,2019/5/25 14:11,29.24,101.85,21,四川甘孜州九龙县
334,5.2,2019/5/25 4:15,-27.9,-66.65,150,阿根廷
335,2.8,2019/5/25 0:17,26.94,102.94,12,云南昭通市巧家县
336,3,2019/5/24 19:48,41.29,83.67,7,新疆阿克苏地区库车县
337,3.4,2019/5/24 3:59,37.53,95.71,8,青海海西州直辖区
338,5.5,2019/5/23 23:02,-21.75,169.72,20,洛亚蒂群岛东南
339,6,2019/5/23 16:45,51.39,-178.3,30,安德烈亚诺夫群岛
340,4.5,2019/5/23 14:12,24.02,121.57,15,台湾花莲县
341,4.1,2019/5/23 4:41,23.73,122.16,18,台湾花莲县海域
342,4,2019/5/22 9:37,23.96,121.67,20,台湾花莲县海域
343,5.4,2019/5/22 8:39,13.8,93.01,20,印度安达曼群岛地区
344,3.7,2019/5/20 15:34,44.01,94.28,6,新疆哈密市伊吾县
345,3.4,2019/5/20 3:57,38.85,74.82,9,新疆克孜勒苏州阿克陶县
346,2.8,2019/5/19 12:27,28.07,103.61,5,云南昭通市永善县
347,3.1,2019/5/19 10:18,45.24,124.78,10,吉林松原市宁江区
348,6.2,2019/5/19 9:23,-21.57,169.78,10,洛亚蒂群岛东南
349,3,2019/5/19 7:54,38.86,74.79,7,新疆克孜勒苏州阿克陶县
350,2.9,2019/5/19 0:07,40.47,115.04,15,河北张家口市宣化区
351,2.6,2019/5/18 23:43,38.03,106.37,9,宁夏银川市灵武市
352,3,2019/5/18 16:01,38.86,74.86,6,新疆克孜勒苏州阿克陶县
353,3.1,2019/5/18 15:55,38.84,74.83,6,新疆克孜勒苏州阿克陶县
354,3.6,2019/5/18 15:53,38.87,74.79,7,新疆克孜勒苏州阿克陶县
355,3,2019/5/18 15:13,38.86,74.83,7,新疆克孜勒苏州阿克陶县
356,3,2019/5/18 13:20,32.01,104.41,17,四川绵阳市北川县
357,5.4,2019/5/18 9:51,-9.52,108.61,20,印尼爪哇岛以南海域
358,5.8,2019/5/18 6:37,-4.61,152.98,20,新爱尔兰地区
359,5.1,2019/5/18 6:24,45.3,124.75,10,吉林松原市宁江区
360,3.7,2019/5/18 3:49,39.62,75.74,22,新疆克孜勒苏州阿图什市
361,3.2,2019/5/17 11:56,41.23,83.82,6,新疆阿克苏地区库车县
362,5.7,2019/5/17 0:22,12.65,-87.88,80,尼加拉瓜沿岸近海
363,3.4,2019/5/17 0:11,40.07,79.34,8,新疆喀什地区巴楚县
364,5.6,2019/5/16 9:23,-5.32,152.51,40,新不列颠岛地区
365,3.5,2019/5/16 6:08,24.34,99.98,10,云南临沧市凤庆县
366,4.7,2019/5/16 4:33,28.07,103.53,10,云南昭通市永善县
367,3,2019/5/15 15:20,43.67,86.95,7,新疆昌吉州昌吉市
368,5.6,2019/5/15 13:24,29.6,130.85,20,日本种子岛附近海域
369,3,2019/5/14 21:18,37.55,77.91,37,新疆和田地区皮山县
370,7.6,2019/5/14 20:58,-4.15,152.52,30,新不列颠岛地区
371,3.9,2019/5/14 17:48,47.44,86.71,15,新疆阿勒泰地区吉木乃县
372,3.9,2019/5/13 16:55,24.73,121.93,61,台湾宜兰县海域
373,3.1,2019/5/13 14:25,34.27,104.79,12,甘肃定西市岷县
374,3.6,2019/5/13 11:55,36.96,78.32,23,新疆和田地区皮山县
375,3.4,2019/5/13 10:13,42.06,84.16,15,新疆巴音郭楞州轮台县
376,3,2019/5/13 6:25,36.33,123.4,8,黄海海域
377,5.9,2019/5/13 3:24,8.65,-82.77,20,巴拿马
378,3,2019/5/13 0:48,40.13,75.6,6,新疆克孜勒苏州乌恰县
379,4.9,2019/5/12 16:59,19.5,120.79,18,巴布延群岛海域
380,3.1,2019/5/12 6:25,34.05,90.57,10,青海海西州唐古拉地区
381,3.1,2019/5/12 6:01,39.97,100.58,21,内蒙古阿拉善盟阿拉善右旗
382,4,2019/5/12 5:55,39.96,100.58,14,内蒙古阿拉善盟阿拉善右旗
383,3,2019/5/12 4:54,39.03,74.49,7,新疆克孜勒苏州阿克陶县
384,3.2,2019/5/12 4:51,39.04,74.49,8,新疆克孜勒苏州阿克陶县
385,3.6,2019/5/11 22:18,22.96,100.86,8,云南普洱市宁洱县
386,3,2019/5/11 21:35,45.29,124.77,11,吉林松原市宁江区
387,5,2019/5/11 18:28,35.05,45.85,10,伊拉克
388,3.3,2019/5/11 11:54,45.29,124.66,11,吉林松原市前郭尔罗斯县
389,2.6,2019/5/11 11:48,45.27,124.74,10,吉林松原市宁江区
390,2.8,2019/5/11 5:53,34.99,103.72,12,甘肃甘南州临潭县
391,5.7,2019/5/10 16:44,-19.7,169.1,110,瓦努阿图群岛
392,3.3,2019/5/10 12:19,42.96,87.96,18,新疆吐鲁番市托克逊县
393,6.3,2019/5/10 7:48,31.83,132.01,20,日本九州岛附近海域
394,5.7,2019/5/10 6:43,31.81,131.89,20,日本九州岛附近海域
395,4,2019/5/10 3:15,45.11,80.44,7,新疆维吾尔自治区博尔塔拉蒙古自治州温泉县
396,4.4,2019/5/8 23:48,24.75,122.55,90,台湾宜兰县海域
397,5.7,2019/5/8 21:47,-15.76,-75.15,10,秘鲁沿岸近海
398,3.6,2019/5/8 4:39,37.37,95.25,9,青海海西州直辖区
399,3.1,2019/5/7 20:55,33.44,94.47,9,青海玉树州杂多县
400,3,2019/5/7 15:05,38.87,99.79,18,甘肃张掖市肃南县
401,3,2019/5/7 11:58,41.28,83.71,7,新疆阿克苏地区库车县
402,7.1,2019/5/7 5:19,-6.96,146.49,130,巴布亚新几内亚莫罗贝省
403,5.4,2019/5/6 22:13,-6.23,154.78,40,巴布亚新几内亚布干维尔岛附近海域
404,5.2,2019/5/6 10:48,18.65,121.1,20,菲律宾吕宋岛附近海域
405,2.8,2019/5/5 19:30,41.62,124.18,11,辽宁抚顺市抚顺县
406,5.3,2019/5/5 16:42,-6.25,145.9,130,巴布亚新几内亚
407,5.7,2019/5/5 5:02,1.97,123.7,350,印度尼西亚苏拉威西海
408,5.2,2019/5/4 19:04,26.13,95.71,100,缅甸北部
409,5.5,2019/5/4 9:05,12.5,120.9,10,菲律宾民都洛岛附近海域
410,2.8,2019/5/4 4:26,32.97,105.54,11,甘肃陇南市武都区
411,3.2,2019/5/3 20:02,45.5,84.74,18,新疆克拉玛依市克拉玛依区
412,6.1,2019/5/3 15:25,-6.89,160.11,20,所罗门群岛
413,3.4,2019/5/3 3:31,22.19,99.31,7,云南普洱市孟连县
414,4.5,2019/5/2 15:57,30.43,103.01,14,四川雅安市芦山县
415,3.4,2019/5/2 7:37,39.19,75.56,19,新疆克孜勒苏州阿克陶县
416,3.4,2019/5/1 16:13,36.94,75.84,16,新疆喀什地区塔什库尔干县
417,6.2,2019/4/29 22:19,10.82,57.26,10,卡尔斯伯格海岭
418,3.6,2019/4/29 21:36,33.56,81.5,6,西藏阿里地区日土县
419,3.4,2019/4/29 20:55,32.34,83.95,8,西藏阿里地区改则县
420,3,2019/4/29 9:46,33.91,90.59,9,青海海西州唐古拉地区
421,4.2,2019/4/29 8:23,39.32,73.67,82,新疆克孜勒苏州阿克陶县
422,2.8,2019/4/29 5:16,30.76,118.05,7,安徽池州市青阳县（有感）
423,2.4,2019/4/28 10:35,43.66,87.96,20,新疆乌鲁木齐市达坂城区（有感）
424,3.1,2019/4/28 9:56,33.94,90.6,8,青海海西州唐古拉地区
425,2.8,2019/4/28 6:09,39.11,97.39,8,青海海西州天峻县
426,4.8,2019/4/28 4:27,39.19,97.45,10,甘肃张掖市肃南县
427,5.3,2019/4/28 1:24,42.55,142.9,110,日本北海道地区
428,3.2,2019/4/28 0:42,38.31,91.51,8,青海海西州茫崖市
429,2.9,2019/4/27 23:23,41.62,121,17,辽宁朝阳市北票市
430,3.3,2019/4/27 1:19,28.14,104.76,11,四川宜宾市珙县
431,3.8,2019/4/26 15:20,40.04,106.87,10,内蒙古鄂尔多斯市鄂托克旗
432,5.4,2019/4/26 14:22,-25.85,-71.1,20,智利北部沿岸近海
433,5.3,2019/4/26 13:27,9.82,126.52,50,菲律宾棉兰老岛附近海域
434,5.1,2019/4/26 5:57,-1.95,122.52,20,印尼苏拉威西岛
435,3.3,2019/4/24 23:55,28.08,103.35,19,四川凉山州雷波县
436,2.2,2019/4/24 20:32,38.73,116.17,5,河北沧州市任丘市
437,4.2,2019/4/24 19:56,34.89,82.47,8,西藏阿里地区改则县
438,2.1,2019/4/24 16:45,39.78,118.5,8,河北唐山市滦州市
439,6.3,2019/4/24 4:15,28.4,94.61,10,西藏林芝市墨脱县
440,5.9,2019/4/23 22:20,-24.76,-178.75,380,斐济群岛以南
441,6.6,2019/4/23 13:37,11.9,125.2,90,菲律宾萨马岛
442,5.4,2019/4/23 4:15,16.37,-98.4,20,墨西哥
443,2.9,2019/4/23 2:22,23.9,103.2,14,云南红河州弥勒市
444,5.4,2019/4/23 1:45,40.75,143.7,10,日本本州东岸远海
445,5.9,2019/4/22 22:49,-56.22,-27.4,100,南桑威奇群岛地区
446,2.9,2019/4/22 18:37,37.97,112.1,20,山西太原市古交市
447,6,2019/4/22 17:11,15,120.35,20,菲律宾
448,3,2019/4/22 6:07,40,77.97,17,新疆克孜勒苏州阿图什市
449,3.6,2019/4/21 17:10,36.34,114.43,11,河北邯郸市临漳县
450,2.9,2019/4/21 13:29,23.84,114.5,9,广东河源市东源县
451,3.2,2019/4/21 5:04,35.55,77.15,21,新疆喀什地区叶城县
452,6.2,2019/4/18 22:46,-51.1,139.45,10,东南印度洋
453,6.7,2019/4/18 13:01,24.02,121.65,24,台湾花莲县海域
454,3,2019/4/18 9:38,39.72,75.21,24,新疆克孜勒苏州乌恰县
455,3.8,2019/4/17 6:05,37.44,78.11,10,新疆和田地区皮山县
456,3.5,2019/4/16 17:47,23.36,118.63,13,台湾海峡
457,3.4,2019/4/16 4:17,32.33,105.13,23,四川广元市青川县
458,3.3,2019/4/15 6:29,50.01,122.3,20,内蒙古呼伦贝尔市鄂伦春旗
459,4.3,2019/4/15 2:31,32.26,89.39,9,西藏那曲市双湖县
460,4.3,2019/4/14 19:20,44.32,81.11,16,新疆伊犁州霍城县
461,3,2019/4/14 12:47,40.34,116.39,19,北京怀柔区
462,3.2,2019/4/14 3:08,37.55,75.22,88,新疆喀什地区塔什库尔干县
463,5.8,2019/4/12 22:51,-6.43,148.57,20,新不列颠岛地区
464,5.7,2019/4/12 20:23,-15.41,-172.73,10,萨摩亚群岛地区
465,6.8,2019/4/12 19:40,-1.91,122.62,10,印尼苏拉威西岛附近海域
466,3.7,2019/4/12 17:27,30.33,87.66,8,西藏日喀则市谢通门县
467,6,2019/4/11 16:18,40.35,143.4,10,日本本州东岸远海
468,4,2019/4/10 6:57,24.21,121.94,23,台湾花莲县海域
469,4.3,2019/4/10 4:24,23.93,121.65,10,台湾花莲县海域
470,3.2,2019/4/10 3:51,28.07,103.55,8,云南昭通市永善县
471,6.4,2019/4/10 1:53,-58.6,-25.33,30,南桑威奇群岛地区
472,5,2019/4/9 23:13,23.96,121.61,10,台湾花莲县海域
473,3.3,2019/4/9 1:13,33.27,96.12,10,青海玉树州玉树市
474,3.1,2019/4/8 16:27,22.63,100.35,9,云南普洱市澜沧县
475,4.4,2019/4/8 14:58,22.05,121.49,11,台湾台东县海域
476,5.2,2019/4/8 12:12,26.3,129.5,20,琉球群岛
477,2.9,2019/4/7 13:25,40.08,116.23,17,北京海淀区
478,6.1,2019/4/7 5:55,-6.9,125.07,540,班达海
479,3.9,2019/4/6 12:02,39,74.49,6,新疆克孜勒苏州阿克陶县
480,2.8,2019/4/6 11:33,31.55,119.11,11,江苏南京市溧水区
481,6.3,2019/4/6 0:14,-55.95,-27.85,60,南桑威奇群岛地区
482,6,2019/4/5 17:56,30.45,138.7,390,日本本州东南海域
483,2.8,2019/4/5 13:49,38.17,99.84,8,青海海北州祁连县
484,5.1,2019/4/4 9:56,22.99,120.85,10,台湾台东县
485,5.7,2019/4/3 9:52,22.95,120.87,12,台湾台东县
486,6.4,2019/4/3 5:35,52.25,178,20,拉特群岛
487,3,2019/4/2 10:58,42.02,83.14,18,新疆阿克苏地区库车县
488,3.6,2019/4/2 7:05,33.34,96.16,10,青海玉树州玉树市
489,5.5,2019/4/2 2:39,-18.1,65.35,10,毛里求斯远海海域
490,3.4,2019/4/1 11:11,31.97,101.8,18,四川阿坝州马尔康市
491,4.3,2019/4/1 10:54,24.95,122.22,100,台湾新北市海域
492,5.3,2019/4/1 10:16,10.67,125.94,50,菲律宾群岛地区
493,5.4,2019/3/31 23:27,-9.75,-79.23,20,秘鲁沿岸远海
494,3.2,2019/3/31 18:36,43.2,87.26,16,新疆乌鲁木齐市乌鲁木齐县
495,6.1,2019/3/31 15:04,-2,-80.92,20,厄瓜多尔沿岸近海
496,3.1,2019/3/31 4:08,28.93,105.42,10,四川泸州市龙马潭区
497,6.1,2019/3/30 19:20,-5.65,151.05,60,新不列颠岛地区
498,5.9,2019/3/30 14:27,-9.67,66.47,10,中印度洋海岭
499,3,2019/3/29 14:03,22.85,101.83,5,云南红河州绿春县
500,3.6,2019/3/29 7:11,28.66,87.1,5,西藏日喀则市定日县
501,6.1,2019/3/29 6:06,50.52,159.93,10,千岛群岛
502,5.4,2019/3/28 23:05,-24.57,-70.07,50,智利
503,3.1,2019/3/28 12:41,38.32,90.86,9,青海海西州茫崖市
504,4.2,2019/3/28 7:00,38.32,90.92,9,青海海西州茫崖市
505,3.8,2019/3/28 6:57,38.31,90.84,9,青海海西州茫崖市
506,5,2019/3/28 5:36,38.28,90.89,9,青海海西州茫崖市
507,5.3,2019/3/27 14:38,32.21,132.3,30,日本九州岛东部附近海域
508,3.1,2019/3/27 9:18,41.28,83.83,8,新疆阿克苏地区库车县
509,2.7,2019/3/27 8:33,23.68,117.1,10,福建漳州市诏安县
510,5.2,2019/3/27 8:11,32.13,132.05,50,日本九州岛附近海域
511,5.5,2019/3/27 5:54,-21.35,-173.42,10,汤加群岛
512,5.1,2019/3/27 5:27,66.31,-157.11,10,美国阿拉斯加
513,5.5,2019/3/26 20:01,12.55,-89.23,30,萨尔瓦多沿岸远海
514,2.8,2019/3/24 23:17,31.09,110.1,10,重庆巫山县(有感)
515,6.1,2019/3/24 12:37,1.7,126.45,30,印尼马鲁古海
516,5.4,2019/3/24 9:32,-1.8,120.6,20,印尼苏拉威西岛
517,6,2019/3/24 3:21,4.6,-76.1,100,哥伦比亚
518,3.8,2019/3/23 21:53,33.34,96.24,9,青海玉树州玉树市
519,2.2,2019/3/21 14:48,34.33,119.73,0,江苏连云港市灌南县(疑爆)
520,6.2,2019/3/20 23:23,-15.57,167.6,130,瓦努阿图群岛
521,5.7,2019/3/20 14:34,37.5,29.39,20,土耳其
522,3,2019/3/19 14:42,43.74,112.84,20,内蒙古锡林郭勒盟苏尼特左旗
523,3.6,2019/3/19 12:01,24.8,121.89,77,台湾宜兰县海域
524,5.5,2019/3/17 15:07,-8.47,116.54,20,印尼松巴哇岛
525,3,2019/3/17 11:46,28.2,104.84,8,四川宜宾市珙县
526,4,2019/3/17 4:25,41.19,83.71,10,新疆阿克苏地区库车县
527,5.2,2019/3/16 17:58,13.88,120.9,110,菲律宾
528,5.6,2019/3/16 7:07,6.25,125.35,70,菲律宾棉兰老岛
529,4,2019/3/15 18:40,38.72,91.12,11,新疆巴音郭楞州若羌县
530,6.2,2019/3/15 13:03,-17.85,-65.92,350,玻利维亚
531,4.2,2019/3/15 2:14,38.78,91.1,7,新疆巴音郭楞州若羌县
532,3,2019/3/14 17:21,41.92,84.35,10,新疆巴音郭楞州轮台县
533,4.3,2019/3/14 13:32,34.97,101.83,10,青海黄南州泽库县
534,4.3,2019/3/14 5:07,23.04,121.42,15,台湾台东县海域
535,4.6,2019/3/13 12:32,23.65,121.64,24,台湾花莲县海域
536,3.8,2019/3/13 4:19,25.02,121.7,141,台湾台北市
537,5.3,2019/3/12 0:34,1.1,98.75,80,印尼苏门答腊岛北部
538,5.7,2019/3/12 0:25,-6.05,149.05,50,新不列颠岛地区
539,5.6,2019/3/11 17:33,25.45,141.55,30,日本火山列岛地区
540,5.6,2019/3/11 2:05,58.48,-31.86,10,雷克雅内斯海岭
541,5.8,2019/3/11 1:10,36.74,142.44,10,日本本州东岸近海
542,6.1,2019/3/10 20:48,-10.14,152.05,10,巴布亚新几内亚
543,4.2,2019/3/10 20:34,35.37,91.99,10,青海玉树州治多县
544,6.1,2019/3/10 16:12,-17.8,-178.5,570,斐济群岛地区
545,2.5,2019/3/9 22:31,40.21,118.67,12,河北唐山市迁安市
546,3,2019/3/9 18:32,25.36,122.08,249,台湾基隆市海域
547,3.3,2019/3/9 7:10,35.28,81.12,11,西藏阿里地区日土县
548,6,2019/3/8 23:06,10.51,126.09,30,菲律宾群岛地区
549,3.3,2019/3/8 19:14,29.45,104.53,8,四川内江市威远县
550,5.3,2019/3/8 10:32,22.46,121.34,11,台湾台东县海域
551,4.4,2019/3/8 3:37,23.94,99.31,11,云南临沧市永德县
552,3,2019/3/8 2:52,39.4,76.83,10,新疆喀什地区伽师县
553,5.7,2019/3/7 23:34,-29.45,-72.78,40,智利中部沿岸远海
554,4.2,2019/3/7 11:49,20.93,120.22,24,台湾屏东县海域
555,5.7,2019/3/7 4:19,-32.21,-177.78,10,新西兰克马德克群岛以南海域
556,5.6,2019/3/7 2:47,-4.18,142.91,130,巴布亚新几内亚
557,6.3,2019/3/6 23:46,-32.01,-177.79,10,新西兰克马德克群岛以南海域
558,5.7,2019/3/6 8:13,8.55,127.05,20,菲律宾棉兰老岛附近海域
559,3.1,2019/3/5 23:33,25.41,98.62,8,云南保山市腾冲市
560,3.6,2019/3/5 12:49,20.68,110.03,13,广东湛江市雷州市
561,3.9,2019/3/5 6:28,42.22,86.93,6,新疆巴音郭楞州和硕县
562,5.8,2019/3/4 18:06,-5.25,146.21,30,巴布亚新几内亚附近海域
563,3.5,2019/3/4 10:47,34.24,83.25,7,西藏阿里地区改则县
564,3,2019/3/4 2:06,28.08,103.54,5,云南昭通市永善县
565,3.1,2019/3/3 12:55,40.51,77.63,23,新疆克孜勒苏州阿图什市
566,3.8,2019/3/3 4:34,21.27,121.45,20,台湾屏东县海域
567,5.5,2019/3/3 3:46,18.62,120.4,10,菲律宾
568,3.1,2019/3/2 23:33,41.22,83.68,12,新疆阿克苏地区库车县
569,5.8,2019/3/2 11:22,41.96,146.93,10,日本北海道沿岸远海
570,5.3,2019/3/2 10:17,-6.96,155.82,40,所罗门群岛
571,2.8,2019/3/2 8:11,31.55,119.1,9,江苏南京市溧水区
572,2.6,2019/3/2 6:56,39.86,118.83,12,河北唐山市滦州市
573,3,2019/3/2 5:34,40.47,77.45,23,新疆克孜勒苏州阿图什市
574,7,2019/3/1 16:50,-14.58,-70.05,260,秘鲁
575,3,2019/3/1 13:26,35.39,92,9,青海玉树州治多县
576,5.6,2019/3/1 9:02,-53.41,159.5,10,麦夸里岛地区
577,3.4,2019/2/27 10:54,40.98,83.48,20,新疆阿克苏地区沙雅县
578,2.8,2019/2/27 9:26,26.07,99.6,10,云南大理州洱源县
579,2.8,2019/2/26 19:36,31.21,103.57,14,四川阿坝州汶川县
580,4.9,2019/2/25 13:15,29.48,104.49,5,四川自贡市荣县
581,4.3,2019/2/25 8:40,29.46,104.5,5,四川自贡市荣县
582,4.7,2019/2/24 5:38,29.47,104.49,5,四川自贡市荣县
583,3.1,2019/2/24 2:38,21.19,101.78,7,云南西双版纳州勐腊县
584,3,2019/2/23 13:16,33.07,93.5,7,青海玉树州杂多县
585,3.6,2019/2/23 3:36,29.1,97.09,9,西藏林芝市察隅县
586,3,2019/2/23 1:42,32.6,105.37,9,四川广元市青川县
587,7.5,2019/2/22 18:17,-2.15,-76.91,140,厄瓜多尔
588,2.8,2019/2/22 13:53,26.83,104.2,10,贵州毕节市威宁县
589,3.1,2019/2/22 13:41,26.83,104.19,10,贵州毕节市威宁县
590,3,2019/2/22 12:50,21.28,101.73,5,云南西双版纳州勐腊县
591,5.1,2019/2/22 6:17,-15.36,-73.13,60,秘鲁
592,3.4,2019/2/22 1:16,43.35,82.08,17,新疆伊犁州巩留县
593,5.5,2019/2/21 20:22,42.87,142.02,40,日本北海道地区
594,5.7,2019/2/21 14:34,-20.88,-178.71,610,斐济群岛地区
595,3.1,2019/2/21 3:51,30.3,87.64,9,西藏日喀则市谢通门县
596,5.2,2019/2/21 2:23,39.65,26.45,10,土耳其
597,4.5,2019/2/20 11:40,38.45,97.37,7,青海海西州德令哈市
598,5.2,2019/2/20 8:10,0.72,126.25,50,印尼马鲁古海北部
599,3.8,2019/2/20 1:33,38.37,75.2,110,新疆克孜勒苏州阿克陶县
600,5.4,2019/2/19 3:30,-9.56,112.96,10,印尼爪哇岛以南海域
601,3.1,2019/2/18 14:37,42.29,98.21,15,内蒙古阿拉善盟额济纳旗
602,6.4,2019/2/17 22:35,-3.36,152.12,370,新爱尔兰地区
603,3.2,2019/2/17 21:57,35.04,86.08,8,西藏阿里地区改则县
604,3.4,2019/2/17 14:14,36.86,78.03,22,新疆和田地区皮山县
605,2.9,2019/2/16 23:51,28.47,99.44,5,云南迪庆州香格里拉市
606,3.6,2019/2/16 20:22,35.02,86.2,8,西藏那曲市尼玛县
607,5,2019/2/16 18:01,25.2,125.05,10,琉球群岛西南部
608,3,2019/2/16 3:35,32.79,94.92,10,青海玉树州杂多县
609,3.6,2019/2/15 23:31,35.88,92.52,10,青海玉树州治多县
610,4.1,2019/2/15 22:08,23.81,121.81,32,台湾花莲县海域
611,5.5,2019/2/14 22:33,-12.15,-74.28,20,秘鲁
612,2.2,2019/2/14 8:26,43.33,88.52,20,新疆乌鲁木齐市达坂城区（有感）
613,5.2,2019/2/13 18:53,-24.04,-175.45,20,汤加以南地区
614,3.1,2019/2/13 17:29,23.32,101.99,6,云南红河州红河县
615,4.1,2019/2/13 2:23,23.75,121.6,6,台湾花莲县海域
616,4.1,2019/2/13 0:39,24.94,122.43,9,台湾宜兰县海域
617,4.4,2019/2/12 22:49,22.85,101.4,5,云南普洱市宁洱县
618,2.9,2019/2/12 22:47,22.84,101.42,5,云南普洱市宁洱县
619,6,2019/2/12 20:34,19.05,145.95,140,马里亚纳群岛
620,3,2019/2/12 20:33,21.2,101.77,7,云南西双版纳州勐腊县
621,5.3,2019/2/12 18:53,-15.02,167.81,20,瓦努阿图群岛
622,3.3,2019/2/12 10:55,29.57,104.76,6,四川内江市威远县
623,2.9,2019/2/12 10:52,29.58,104.79,3,四川内江市威远县
624,5.2,2019/2/10 22:33,9.85,126.55,20,菲律宾棉兰老岛附近海域
625,2.6,2019/2/10 20:30,38.09,113.48,5,山西阳泉市盂县
626,5.3,2019/2/10 18:54,27.05,55.65,10,伊朗
627,5.2,2019/2/10 11:22,27.39,96.34,10,印度
628,3.3,2019/2/10 5:36,31.63,104.01,21,四川德阳市绵竹市
629,3.5,2019/2/9 1:18,32.57,95.93,8,青海玉树州囊谦县
630,5.9,2019/2/8 19:55,9.79,126.5,10,菲律宾棉兰老岛附近海域
631,3.6,2019/2/8 18:00,29.04,102.38,21,四川雅安市石棉县
632,5.3,2019/2/8 11:11,-32.91,57.16,10,西南印度洋海岭
633,4.6,2019/2/8 0:52,23.28,120.61,24,台湾嘉义县
634,3.3,2019/2/8 0:29,29.59,104.8,5,四川内江市资中县
635,5,2019/2/7 18:03,2.33,128.84,20,印尼哈马黑拉岛海域
636,4,2019/2/7 13:35,29.22,87.44,6,西藏日喀则市昂仁县
637,5.3,2019/2/7 12:15,1.51,126.44,10,马鲁古海北部
638,3.2,2019/2/7 9:41,38.32,90.89,8,青海海西州茫崖市
639,5.2,2019/2/7 9:41,-8.44,160.96,40,所罗门群岛
640,3.7,2019/2/7 0:30,41.29,83.88,8,新疆阿克苏地区库车县
641,3.8,2019/2/6 21:30,29.24,87.41,9,西藏日喀则市昂仁县
642,5.4,2019/2/6 18:25,15.85,120.55,130,菲律宾
643,3.6,2019/2/6 15:51,29.2,87.45,7,西藏日喀则市昂仁县
644,5.1,2019/2/6 3:31,41.02,48.63,10,阿塞拜疆
645,5.4,2019/2/6 0:47,35.01,74.28,12,克什米尔地区
646,5.1,2019/2/5 10:26,39.11,20.52,10,希腊
647,5.8,2019/2/5 3:29,-0.42,98.27,10,印尼苏门答腊岛南部海域
648,5.5,2019/2/5 1:45,-2.43,-79.89,50,厄瓜多尔
649,2.8,2019/2/4 10:33,38.95,112.83,8,山西忻州市原平市
650,3.1,2019/2/3 22:17,35.79,77.28,12,新疆喀什地区叶城县
651,5.3,2019/2/3 15:36,-3.27,130.75,20,印尼塞兰岛附近海域
652,2.8,2019/2/3 2:01,39.4,116.66,17,河北廊坊市永清县
653,5.7,2019/2/2 20:04,36.44,70.86,230,阿富汗
654,5.9,2019/2/2 19:01,-2.88,100.15,10,印尼苏门答腊岛南部海域
655,5.9,2019/2/2 18:59,-2.91,100.12,10,印尼苏门答腊岛南部海域
656,6.1,2019/2/2 17:27,-2.88,100.09,10,印尼苏门答腊岛南部海域
657,5.3,2019/2/2 7:48,-23.67,-176.65,100,斐济群岛以南
658,3,2019/2/2 6:00,46.72,83.31,6,新疆塔城地区塔城市
659,5.2,2019/2/2 5:54,46.73,83.34,16,新疆塔城地区塔城市
660,4.1,2019/2/2 5:26,27.11,100.93,15,云南丽江市宁蒗县
661,6.5,2019/2/2 0:14,14.88,-92.18,100,墨西哥
662,2.6,2019/2/1 21:33,41.86,123.93,0,辽宁抚顺市新抚区（矿震）
663,3.8,2019/2/1 12:12,31.37,98.47,7,西藏昌都市江达县
664,2.5,2019/2/1 6:43,42.18,120.54,14,内蒙古赤峰市敖汉旗
665,5.4,2019/1/31 22:34,-24.3,-179.75,520,斐济群岛以南
666,5.1,2019/1/31 13:50,-19.51,169.63,190,瓦努阿图群岛
667,3.1,2019/1/31 13:15,34.3,102.44,10,甘肃甘南州碌曲县
668,3,2019/1/31 11:30,39.98,75.28,10,新疆克孜勒苏州乌恰县
669,3.2,2019/1/31 10:04,40.02,75.29,11,新疆克孜勒苏州乌恰县
670,4.3,2019/1/30 23:14,22.02,120.37,8,台湾屏东县海域
671,3,2019/1/30 19:52,37.84,78.09,17,新疆和田地区皮山县
672,3.1,2019/1/30 19:07,28.47,99.36,13,四川甘孜州得荣县
673,5.2,2019/1/30 13:21,23.77,122.43,20,台湾花莲县海域
674,3.2,2019/1/30 9:53,32.28,104.97,18,四川绵阳市平武县
675,3.3,2019/1/29 22:57,44.75,81.47,10,新疆博尔塔拉州温泉县
676,5.3,2019/1/29 11:42,34.91,141.05,20,日本本州东岸近海
677,3.9,2019/1/29 9:22,44.66,115.63,13,内蒙古锡林郭勒盟锡林浩特市
678,5.4,2019/1/29 5:07,3.05,-75.73,20,哥伦比亚
679,5.4,2019/1/29 0:00,-17.94,-179.26,610,斐济群岛地区
680,3,2019/1/28 17:53,39.43,77.12,14,新疆喀什地区伽师县
681,5.5,2019/1/27 18:16,-20.13,-177.75,550,斐济群岛地区
682,6.3,2019/1/27 3:56,-21.12,-178.9,590,斐济群岛地区
683,5.5,2019/1/26 20:32,3.11,-75.69,20,哥伦比亚
684,5.4,2019/1/26 16:23,40.47,141.97,50,日本本州东岸近海
685,6,2019/1/26 16:12,-5.56,133.91,20,印尼阿鲁群岛地区
686,3,2019/1/26 14:02,35.85,78.43,8,新疆和田地区皮山县
687,6.2,2019/1/26 11:51,-7.08,156.23,370,所罗门群岛
688,5.7,2019/1/26 10:07,-10.84,165.85,50,圣克鲁斯群岛
689,2.9,2019/1/25 12:29,25.85,99.18,8,云南大理州云龙县
690,3.2,2019/1/25 9:55,39.07,75.42,10,新疆克孜勒苏州阿克陶县
691,5,2019/1/24 22:30,36.05,28.1,40,希腊佐泽卡尼索斯群岛
692,5,2019/1/24 16:34,19.5,120.71,10,菲律宾群岛地区
693,3.2,2019/1/24 15:51,36.7,105.21,10,宁夏中卫市海原县
694,5.7,2019/1/23 19:38,-10.3,118.93,10,印尼松巴岛附近海域
695,3.2,2019/1/23 14:40,29.5,104.49,5,四川自贡市荣县
696,6.7,2019/1/23 3:01,-43.03,42.26,10,爱得华王子群岛地区
697,6.5,2019/1/22 13:10,-10.4,119.17,30,印尼松巴岛地区
698,4.5,2019/1/22 11:19,22.24,121.42,16,台湾台东县海域
699,6.1,2019/1/22 7:59,-10.45,119.05,30,印尼松巴岛地区
700,3,2019/1/21 21:37,28.91,105.44,5,四川泸州市龙马潭区
701,4.6,2019/1/20 23:06,30.2,87.64,10,西藏日喀则市谢通门县
702,5,2019/1/20 22:28,30.09,87.77,10,西藏日喀则市谢通门县
703,4.4,2019/1/20 10:52,29.92,94.93,10,西藏林芝市巴宜区
704,6.6,2019/1/20 9:32,-30.05,-71.34,50,智利
705,3.4,2019/1/20 8:35,30.83,103.2,21,四川成都市崇州市
706,3.4,2019/1/20 0:38,28.23,104.86,5,四川宜宾市珙县
707,5.5,2019/1/19 5:26,-3.21,-76.67,100,秘鲁北部
708,4.5,2019/1/19 2:11,44.85,93.07,7,新疆哈密市巴里坤县
709,5.7,2019/1/19 0:40,8.3,-103.53,10,东太平洋海岭北部
710,3.7,2019/1/18 21:56,41.77,81.53,5,新疆阿克苏地区拜城县
711,5.8,2019/1/18 21:18,-19.13,168.78,40,瓦努阿图群岛
712,3.4,2019/1/18 9:14,38.2,88.95,7,新疆巴音郭楞州若羌县
713,3.8,2019/1/18 5:25,35.03,81.79,13,西藏阿里地区日土县
714,4.3,2019/1/17 21:32,41.75,81.52,6,新疆阿克苏地区拜城县
715,2.9,2019/1/17 13:36,23.1,104.15,27,云南文山州马关县
716,3.3,2019/1/17 12:24,37.06,77.92,29,新疆和田地区皮山县
717,5.4,2019/1/17 10:53,7.35,94.31,90,印度尼科巴群岛地区
718,3.2,2019/1/17 7:56,27.34,88.94,7,西藏日喀则市亚东县
719,3.1,2019/1/17 5:08,26.72,102.68,8,四川凉山州会东县
720,5.3,2019/1/16 18:49,3.45,128.8,10,印尼哈马黑拉岛以北海域
721,3.2,2019/1/16 12:43,26.06,105.26,10,贵州六盘水市六枝特区
722,5.7,2019/1/16 4:03,6.04,126.83,70,棉兰老岛附近海域
723,3.3,2019/1/16 2:26,21.16,101.78,7,老挝
724,6.6,2019/1/16 2:06,-13.33,166.7,30,瓦努阿图群岛
725,3.2,2019/1/16 0:06,33.9,90.72,6,青海海西州唐古拉地区
726,3.1,2019/1/15 23:52,28.07,105.02,9,云南昭通市威信县
727,2.8,2019/1/15 18:44,37.68,114.54,8,河北石家庄市元氏县
728,3.9,2019/1/15 6:55,33.53,87.67,8,西藏那曲市双湖县
729,3.8,2019/1/14 21:49,40.4,77.12,6,新疆克孜勒苏州阿图什市
730,3.1,2019/1/14 19:37,21.17,101.75,11,云南西双版纳州勐腊县
731,4.9,2019/1/14 18:54,21.18,101.8,6,老挝
732,3.4,2019/1/14 11:40,51.51,124.02,9,黑龙江大兴安岭地区呼玛县
733,3.4,2019/1/13 17:01,39.58,75.51,11,新疆喀什地区疏附县
734,3.4,2019/1/12 20:20,41.25,83.48,7,新疆阿克苏地区库车县
735,3.2,2019/1/12 13:40,39.62,75.63,10,新疆喀什地区疏附县
736,3.1,2019/1/12 12:33,39.47,75.62,12,新疆喀什地区疏附县
737,5.1,2019/1/12 12:32,39.57,75.59,10,新疆喀什地区疏附县
738,3,2019/1/12 4:03,45.24,124.65,9,吉林松原市宁江区
739,3.8,2019/1/11 17:49,31.77,102.27,18,四川阿坝州马尔康市
740,5.4,2019/1/11 13:58,-21.36,-174.1,10,汤加群岛
741,3.2,2019/1/11 4:20,41.94,83.92,15,新疆阿克苏地区库车县
742,5.8,2019/1/11 1:00,-27.03,-175.48,20,克马德克群岛
743,4.2,2019/1/10 20:00,21.26,101.71,10,云南西双版纳州勐腊县
744,3.1,2019/1/10 17:08,21.29,101.71,8,云南西双版纳州勐腊县
745,3,2019/1/9 23:21,21.2,101.77,6,云南西双版纳州勐腊县
746,3.2,2019/1/9 21:55,38.22,94.75,7,青海海西州直辖区
747,6.2,2019/1/8 20:39,30.64,131.16,20,日本种子岛附近海域
748,4.7,2019/1/8 20:16,23.2,121.64,30,台湾台东县海域
749,2.9,2019/1/8 8:56,28.47,99.36,20,四川甘孜州得荣县
750,3.6,2019/1/8 8:49,28.49,99.38,21,四川甘孜州得荣县
751,2.1,2019/1/8 2:38,43.75,87.59,7,新疆乌鲁木齐市沙依巴克区（有感）
752,3.5,2019/1/8 1:15,26.09,100.23,5,云南大理州鹤庆县
753,5.2,2019/1/7 22:11,2.6,126.9,30,印尼马鲁古海
754,3.1,2019/1/7 19:13,29.44,104.46,4,四川自贡市荣县
755,5.2,2019/1/7 11:11,7.9,121.9,20,棉兰老岛附近海域
756,2.9,2019/1/7 6:31,23.09,100.94,5,云南普洱市宁洱县
757,3,2019/1/7 5:56,39.93,77.66,18,新疆喀什地区巴楚县
758,6.6,2019/1/7 1:27,2.25,126.69,40,马鲁古海北部
759,4.8,2019/1/7 0:22,39.92,77.66,10,新疆喀什地区伽师县
760,3.6,2019/1/6 22:46,23.09,100.94,7,云南普洱市宁洱县
761,5.6,2019/1/6 21:42,34.12,45.6,30,伊朗
762,5.6,2019/1/6 6:54,25.81,144.55,10,日本火山列岛地区
763,6.7,2019/1/6 3:25,-8.11,-71.58,570,巴西
764,5.9,2019/1/6 2:47,51.35,-178.22,20,安德烈亚诺夫群岛
765,3.1,2019/1/5 20:37,30.65,99.6,7,四川甘孜州白玉县
766,3.1,2019/1/4 21:15,42.84,80.99,12,新疆伊犁州昭苏县
767,3.2,2019/1/4 15:59,28.36,104.93,6,四川宜宾市长宁县
768,5.4,2019/1/4 14:22,-6.51,130.62,9,班达海
769,3.4,2019/1/4 6:17,25.86,99.16,12,云南大理州云龙县
770,3.3,2019/1/4 3:36,38.46,104.23,20,内蒙古阿拉善盟阿拉善左旗
771,4.4,2019/1/4 2:02,22.9,121.04,10,台湾台东县
772,5.3,2019/1/3 8:48,28.2,104.86,15,四川宜宾市珙县
773,5,2019/1/2 11:12,42.49,104.49,15,蒙古
774,3,2018/12/31 20:46,23.23,101.64,5,云南普洱市墨江县
775,2.8,2018/12/31 16:12,34.54,104.25,14,甘肃定西市岷县
776,6.1,2018/12/31 10:35,54.4,-161.55,20,美国阿拉斯加半岛
777,5,2018/12/30 22:26,38.17,133.86,380,日本海
778,5.9,2018/12/30 16:39,-2.71,102.35,140,印尼苏门答腊岛南部
779,3.1,2018/12/30 13:32,24.67,97.94,9,云南德宏州盈江县
780,3.2,2018/12/30 2:53,29.47,104.56,7,四川内江市威远县
781,6.9,2018/12/29 11:39,5.85,126.89,50,棉兰老岛附近海域
782,3,2018/12/29 11:01,29.46,104.56,11,四川内江市威远县
783,3.8,2018/12/28 16:21,28.15,104.65,7,四川宜宾市筠连县
784,3.3,2018/12/28 15:57,30.34,87.72,7,西藏日喀则市谢通门县
785,3.8,2018/12/28 13:50,43.74,87.43,10,新疆乌鲁木齐市沙依巴克区
786,5.7,2018/12/28 11:03,-1.5,134.15,50,印度尼西亚伊里安查亚省
787,3.6,2018/12/27 15:30,22.55,102.11,7,云南普洱市江城县
788,3.8,2018/12/27 11:41,43.13,81.71,13,新疆伊犁州特克斯县
789,3.2,2018/12/27 9:06,38.32,75.79,129,新疆克孜勒苏州阿克陶县
790,5.7,2018/12/26 22:11,-17.25,-174.01,100,汤加群岛
791,4.5,2018/12/26 5:54,45.65,93.03,8,蒙古
792,3.3,2018/12/25 19:55,33.67,121.03,14,江苏盐城市大丰区海域
793,5.2,2018/12/25 17:46,29.02,142.65,10,日本本州东南海域
794,5.6,2018/12/25 8:10,33.96,141.9,10,日本本州东岸远海
795,3.2,2018/12/25 2:40,30.33,87.74,6,西藏那曲市尼玛县
796,6.1,2018/12/24 20:41,55.39,164.46,10,科曼多尔群岛地区
797,3.8,2018/12/24 11:12,41.33,83.71,11,新疆阿克苏地区库车县
798,5.8,2018/12/24 8:18,34.04,141.75,20,日本本州东岸远海
799,6.4,2018/12/24 7:08,-20.26,-175.11,110,汤加群岛
800,3.9,2018/12/24 3:49,30.3,87.75,8,西藏日喀则市谢通门县
801,5.8,2018/12/24 3:32,30.32,87.64,8,西藏日喀则市谢通门县
802,2.8,2018/12/23 22:22,28.1,103.61,5,云南昭通市永善县
803,5.9,2018/12/22 22:25,-13.37,166.75,50,瓦努阿图群岛
804,5.5,2018/12/22 21:29,55.2,164.6,10,科曼多尔群岛地区
805,5.5,2018/12/22 13:37,-20.55,32.48,10,津巴布韦
806,2.9,2018/12/22 4:39,33.19,104.21,17,四川阿坝州九寨沟县
807,5.4,2018/12/22 2:19,55.31,164.44,10,科曼多尔群岛地区
808,5.7,2018/12/21 16:30,-5.4,151.91,20,新不列颠岛
809,5.9,2018/12/21 14:33,-5.65,151.95,20,新不列颠岛地区
810,7.4,2018/12/21 1:01,54.95,164.79,20,科曼多尔群岛地区
811,4.3,2018/12/20 19:49,39.04,74.73,8,新疆克孜勒苏州阿克陶县
812,3,2018/12/20 19:13,39.04,74.7,10,新疆克孜勒苏州阿克陶县
813,5.2,2018/12/20 19:08,39.08,74.75,10,新疆克孜勒苏州阿克陶县
814,2.6,2018/12/20 10:29,40.61,97.55,7,甘肃酒泉市玉门市
815,5.8,2018/12/20 5:37,-6.05,149.83,10,新不列颠岛
816,6.1,2018/12/19 9:37,-36.04,-101.15,10,复活节岛东南海域
817,4.1,2018/12/19 1:21,35.25,81.08,6,西藏阿里地区日土县
818,2,2018/12/18 22:51,43.7,87.6,6,新疆乌鲁木齐市天山区（有感）
819,2.9,2018/12/18 12:39,28.22,104.93,5,四川宜宾市兴文县
820,3,2018/12/18 9:13,42.74,82.71,20,新疆巴音郭楞州和静县
821,3.5,2018/12/18 4:58,23.36,118.61,12,台湾海峡
822,5.2,2018/12/17 19:14,-5.02,152.32,60,新不列颠岛地区
823,3,2018/12/17 3:20,43.68,86.64,26,新疆昌吉州呼图壁县
824,5.8,2018/12/16 22:26,-23.39,112.45,10,澳大利亚西部海域
825,3.2,2018/12/16 20:16,28.23,104.94,10,四川宜宾市兴文县
826,6,2018/12/16 17:42,-3.85,140.29,80,印度尼西亚
827,5.7,2018/12/16 12:46,28.24,104.95,12,四川宜宾市兴文县
828,5.2,2018/12/16 5:21,23.71,121.8,26,台湾花莲县海域
829,3,2018/12/15 21:42,40.2,75.78,5,新疆克孜勒苏州乌恰县
830,4,2018/12/14 13:02,38.47,104.24,20,内蒙古阿拉善盟阿拉善左旗
831,3,2018/12/14 10:45,41.33,83.73,10,新疆阿克苏地区库车县
832,3,2018/12/14 1:42,29.57,98.83,10,西藏昌都市芒康县
833,3,2018/12/14 1:38,29.61,98.8,8,西藏昌都市芒康县
834,3.6,2018/12/14 1:15,29.59,98.81,7,西藏昌都市芒康县
835,2,2018/12/14 1:11,39.73,118.5,12,河北唐山市古冶区
836,4.4,2018/12/13 23:39,29.61,98.82,10,西藏昌都市芒康县
837,4.9,2018/12/13 23:32,29.62,98.81,8,西藏昌都市芒康县
838,4,2018/12/13 13:47,38.94,74.74,8,新疆克孜勒苏州阿克陶县
839,4.6,2018/12/12 21:24,23.93,121.6,18,台湾花莲县
840,7,2018/12/11 10:26,-58.35,-26.37,150,南桑威奇群岛地区
841,3.4,2018/12/11 8:21,32.95,90.18,8,西藏那曲市安多县
842,3,2018/12/10 20:28,42.29,119.91,15,内蒙古赤峰市敖汉旗
843,4.8,2018/12/9 23:15,24.02,121.57,21,台湾花莲县
844,4.5,2018/12/8 6:39,43.82,86.38,10,新疆昌吉州呼图壁县
845,5.9,2018/12/7 7:27,-22.25,169.7,20,洛亚蒂群岛东南
846,2.1,2018/12/6 21:07,40.21,118.68,13,河北唐山市迁安市
847,2.9,2018/12/6 6:23,23.92,99.61,5,云南临沧市耿马县
848,3.7,2018/12/5 20:22,23.36,118.62,15,台湾海峡
849,6.6,2018/12/5 14:43,-21.95,169.78,10,洛亚蒂群岛东南
850,4.1,2018/12/5 13:52,40.4,77.45,17,新疆克孜勒苏州阿图什市
851,6.1,2018/12/5 12:14,-21.85,169.47,10,洛亚蒂群岛东南
852,3,2018/12/5 9:22,38.15,76.73,20,新疆喀什地区莎车县
853,2.8,2018/12/5 1:18,24,111.71,11,广西贺州市八步区
854,3,2018/12/4 16:36,24.43,98.43,14,云南德宏州芒市
855,2.8,2018/12/3 17:17,22.34,101.56,5,云南西双版纳州勐腊县
856,3,2018/12/3 6:11,23.35,118.59,14,台湾海峡
857,3.1,2018/12/2 19:50,40.75,78.25,10,新疆克孜勒苏州阿合奇县
858,3.1,2018/12/2 12:43,39.69,74.44,8,新疆克孜勒苏州乌恰县
859,4.1,2018/12/1 23:07,28.12,92.62,5,西藏山南市隆子县
860,6.3,2018/12/1 21:27,-7.5,128.73,140,班达海
861,7.2,2018/12/1 1:29,61.35,-150.06,40,美国阿拉斯加
862,3.6,2018/12/1 1:13,39.39,77.55,16,新疆喀什地区伽师县
863,4,2018/11/30 15:57,45.24,124.69,9,吉林松原市宁江区
864,5.7,2018/11/30 4:21,0.2,97.05,10,印尼苏门答腊岛北部
865,3.1,2018/11/30 3:57,23.32,118.6,15,台湾海峡
866,2.5,2018/11/29 13:10,39.45,118,11,河北唐山市丰南区
867,3.3,2018/11/28 21:43,23.31,118.7,10,台湾海峡南部
868,5.5,2018/11/28 18:17,27.15,96.84,10,缅甸
869,3.2,2018/11/28 14:28,30.35,87.67,6,西藏那曲市尼玛县
870,2.8,2018/11/28 12:29,28.1,105.11,5,四川宜宾市兴文县
871,5.5,2018/11/28 10:23,41.3,143.3,10,日本北海道地区
872,5.4,2018/11/28 3:34,15.51,-49.76,20,北大西洋
873,4.3,2018/11/27 18:29,23.33,118.63,8,台湾海峡
874,3.4,2018/11/27 15:04,23.33,118.55,13,台湾海峡
875,3.5,2018/11/27 6:41,23.49,99.46,8,云南临沧市耿马县
876,3.6,2018/11/27 6:06,23.37,118.61,14,台湾海峡
877,2.8,2018/11/27 1:33,37.89,102.28,7,甘肃武威市凉州区
878,3.8,2018/11/26 21:24,23.36,118.59,10,台湾海峡
879,4.5,2018/11/26 20:50,23.31,118.65,7,台湾海峡
880,3.2,2018/11/26 14:08,29.49,104.49,8,四川自贡市荣县
881,3.1,2018/11/26 12:19,33.32,90.78,9,青海海西州唐古拉地区
882,3.4,2018/11/26 10:55,23.34,118.59,11,台湾海峡
883,3.6,2018/11/26 8:15,23.31,118.6,6,台湾海峡
884,6.2,2018/11/26 7:57,23.28,118.6,20,台湾海峡
885,3.7,2018/11/26 7:18,39.73,73.93,7,新疆克孜勒苏州乌恰县
886,5.4,2018/11/26 4:56,13.06,-81.12,20,加勒比海
887,6.3,2018/11/26 0:37,34.46,45.78,20,伊朗
888,4.9,2018/11/25 20:23,44.68,81.5,22,新疆博尔塔拉州博乐市
889,5.6,2018/11/25 14:14,-29.07,-177.29,30,克马德克群岛
890,5.8,2018/11/25 11:40,13.11,-81.24,30,加勒比海
891,3.8,2018/11/24 4:41,42.39,84.65,8,新疆巴音郭楞州和静县
892,3.7,2018/11/23 21:08,32.87,90.16,7,西藏那曲市安多县
893,3.1,2018/11/22 17:08,33.31,90.86,9,青海海西州唐古拉地区
894,4.1,2018/11/22 16:48,33.6,89.55,9,西藏那曲市双湖县
895,2.6,2018/11/22 13:09,28.11,105.06,10,四川宜宾市兴文县
896,3,2018/11/22 11:08,41.19,83.69,7,新疆阿克苏地区库车县
897,5.7,2018/11/22 2:21,59.98,-153.35,140,美国阿拉斯加州南部
898,3.7,2018/11/21 21:02,41.71,81.57,7,新疆阿克苏地区拜城县
899,3.7,2018/11/21 14:53,40.38,78.72,13,新疆阿克苏地区柯坪县
900,3,2018/11/21 13:31,41.79,81.59,15,新疆阿克苏地区拜城县
901,4.3,2018/11/21 5:44,33.96,84.03,6,西藏阿里地区改则县
902,5.1,2018/11/21 3:09,30.4,130.05,120,种子岛附近海域
903,3.9,2018/11/20 19:55,32.71,90.08,10,西藏那曲市双湖县
904,3.2,2018/11/20 19:41,39.21,74.03,8,新疆克孜勒苏州阿克陶县
905,3.3,2018/11/20 6:01,27.69,102.07,14,四川凉山州西昌市
906,3.8,2018/11/20 0:31,24.54,121.87,11,台湾宜兰县
907,4,2018/11/19 22:40,24.32,121.9,23,台湾宜兰县海域
908,2.9,2018/11/19 22:29,27.08,103.27,6,云南昭通市巧家县
909,4.4,2018/11/19 14:19,23.96,122.48,16,台湾花莲县海域
910,3.1,2018/11/19 11:17,42.91,122.38,13,内蒙古通辽市科尔沁左翼后旗
911,6.9,2018/11/19 4:25,-17.98,-178.8,530,斐济群岛地区
912,3.2,2018/11/19 0:48,41.75,81.59,6,新疆阿克苏地区拜城县
913,3,2018/11/18 21:40,36.03,82.54,7,新疆和田地区于田县
914,4.3,2018/11/16 15:01,35.52,89.61,9,西藏那曲市安多县
915,6.3,2018/11/16 11:26,-10.44,163.19,11,所罗门群岛
916,6.2,2018/11/16 7:09,-56.11,-122.22,10,南太平洋
917,2.5,2018/11/16 6:41,43.73,87.89,24,新疆乌鲁木齐市达坂城区（有感）
918,6.5,2018/11/16 4:02,-56.75,-25.65,10,南桑威奇群岛地区
919,3.2,2018/11/16 1:59,35.31,81.18,7,西藏阿里地区日土县
920,3.1,2018/11/15 12:01,37.58,112.33,5,山西太原市清徐县
921,5.4,2018/11/15 7:01,-2.93,119.45,10,印尼苏拉威西岛
922,6,2018/11/15 5:21,55.55,162.05,60,堪察加东岸近海
923,4.1,2018/11/15 2:47,43.94,94.34,8,新疆哈密市伊吾县
924,4.2,2018/11/15 1:10,34,83.89,7,西藏阿里地区改则县
925,3.8,2018/11/13 19:17,43.18,87.28,9,新疆乌鲁木齐市乌鲁木齐县
926,3.2,2018/11/12 10:26,28.23,104.96,7,四川宜宾市兴文县
927,6.3,2018/11/11 22:03,15.52,-50.03,10,北大西洋
928,6.1,2018/11/10 16:33,-20.26,-174.3,10,斐济群岛西南海域
929,5.6,2018/11/10 16:02,-5.81,151.82,50,新不列颠岛地区
930,3.4,2018/11/10 10:27,43.77,86.42,18,新疆昌吉州呼图壁县
931,3.6,2018/11/10 6:27,34.4,83.52,6,西藏阿里地区改则县
932,3,2018/11/9 21:01,39.05,74.63,18,新疆克孜勒苏州阿克陶县
933,5.2,2018/11/9 17:20,8.65,-83.27,10,哥斯达黎加
934,5.8,2018/11/9 15:54,-42.74,-16.09,10,中大西洋海岭南部
935,6.8,2018/11/9 9:49,71.6,-11.39,10,扬马延岛地区
936,2.6,2018/11/9 4:24,45.26,124.75,8,吉林松原市宁江区
937,3.1,2018/11/9 0:06,24.2,102.71,7,云南玉溪市通海县
938,3.2,2018/11/8 8:54,34.26,83.25,8,西藏阿里地区改则县
939,4.8,2018/11/8 5:05,22.8,122.55,30,台湾台东县海域
940,3.7,2018/11/8 1:27,44.14,82.51,18,新疆伊犁州尼勒克县
941,5,2018/11/7 17:42,-2.91,119.39,10,印尼苏拉威西岛
942,5.8,2018/11/7 0:11,-22.01,-174.84,20,汤加群岛地区
943,4.3,2018/11/6 13:43,32.81,90.33,9,西藏那曲市安多县
944,5.1,2018/11/6 2:35,-2.95,119.4,10,印尼苏拉威西岛
945,3.1,2018/11/6 0:24,20.79,110.07,15,广东湛江市雷州市
946,6,2018/11/5 3:26,44.57,145.82,20,日本北海道地区
947,4.1,2018/11/4 22:20,33.33,89.38,9,西藏那曲市双湖县
948,3.7,2018/11/4 16:10,43.65,86.05,18,新疆昌吉州玛纳斯县
949,5.9,2018/11/4 15:55,7.86,123.95,600,菲律宾棉兰老岛
950,3,2018/11/4 8:08,30.6,100.39,8,四川甘孜州新龙县
951,5.1,2018/11/4 5:36,40.24,77.63,22,新疆克孜勒苏州阿图什市
952,3.4,2018/11/4 1:20,40.24,77.62,21,新疆克孜勒苏州阿图什市
953,4.5,2018/11/3 6:35,34.05,84.01,10,西藏阿里地区改则县
954,6,2018/11/2 19:01,47.77,146.77,430,千岛群岛西北
955,3,2018/11/2 18:31,29.91,94.93,6,西藏林芝市巴宜区
956,5.2,2018/11/2 15:53,33.69,135.19,50,日本本州西部南岸近海
957,5.9,2018/11/2 6:19,-19.64,-69.27,90,智利
958,6.1,2018/11/2 3:30,-57.95,-25.31,10,南桑威奇群岛地区
959,3.1,2018/11/2 0:06,42.25,127.26,7,吉林白山市抚松县
960,4.8,2018/11/1 7:09,30.33,87.74,5,西藏日喀则市谢通门县
961,3.1,2018/10/31 22:46,42.48,85.72,7,新疆巴音郭楞州和静县
962,5.1,2018/10/31 16:29,27.7,102.08,19,四川凉山州西昌市
963,2.8,2018/10/31 15:30,23.75,114.63,11,广东河源市源城区
964,3,2018/10/31 13:00,32.94,90.23,6,西藏那曲市安多县
965,3,2018/10/31 10:09,40.38,78.72,12,新疆阿克苏地区柯坪县
966,4.5,2018/10/31 9:49,30.32,87.67,6,西藏日喀则市谢通门县
967,3.9,2018/10/31 9:08,35.53,87.71,6,西藏那曲市双湖县
968,3,2018/10/30 13:08,37.21,114.66,17,河北邢台市隆尧县
969,4.7,2018/10/30 10:22,39.45,75.12,10,新疆克孜勒苏州乌恰县
970,3.3,2018/10/30 5:00,28.11,103.55,14,云南昭通市永善县
971,3.6,2018/10/29 22:19,31.93,93.46,7,西藏那曲市比如县
972,6.5,2018/10/29 14:54,-57.35,-66.4,10,德雷克海峡
973,6,2018/10/29 6:23,12.97,-90.37,20,萨尔瓦多沿岸近海
974,5.5,2018/10/28 8:38,45.75,26.35,150,罗马尼亚
975,2.9,2018/10/28 8:25,28.08,103.54,5,云南昭通市永善县
976,5.8,2018/10/26 17:05,17.35,147.95,20,马里亚纳群岛地区
977,5.4,2018/10/26 11:04,44.45,145.55,10,日本北海道地区
978,7,2018/10/26 6:54,37.51,20.51,20,伊奥尼亚海
979,2.8,2018/10/26 1:31,25.78,100.66,7,云南大理州宾川县
980,3.2,2018/10/24 17:58,28.92,105.43,6,四川泸州市龙马潭区
981,3.2,2018/10/24 17:58,40.91,78.67,11,新疆克孜勒苏州阿合奇县
982,3,2018/10/24 7:36,41.86,82.24,21,新疆阿克苏地区拜城县
983,4.2,2018/10/24 1:31,40.89,78.69,11,新疆克孜勒苏州阿合奇县
984,5.7,2018/10/24 0:04,24.01,122.68,30,台湾花莲县海域
985,3,2018/10/23 14:44,29.4,104.46,5,四川自贡市荣县
986,6,2018/10/23 12:34,24.01,122.65,30,台湾花莲县海域
987,4.5,2018/10/23 5:37,44.16,82.51,15,新疆博尔塔拉州精河县
988,4.1,2018/10/23 0:49,30.35,87.7,8,西藏日喀则市谢通门县
989,3.4,2018/10/22 23:10,30.33,87.67,6,西藏日喀则市谢通门县
990,3.7,2018/10/22 18:44,34.15,83.97,9,西藏阿里地区改则县
991,4,2018/10/22 18:08,34.17,84.02,8,西藏阿里地区改则县
992,6.8,2018/10/22 14:16,49.35,-129.5,10,加拿大温哥华岛附近海域
993,6.7,2018/10/22 13:39,49.2,-129.5,10,加拿大温哥华岛附近海域
994,3.3,2018/10/22 0:04,41.87,82.28,22,新疆阿克苏地区拜城县
995,3.1,2018/10/21 23:11,41.88,82.24,21,新疆阿克苏地区拜城县
996,4.2,2018/10/21 16:42,41.77,82.28,20,新疆阿克苏地区拜城县
997,3.3,2018/10/21 13:21,43.97,82.96,16,新疆伊犁州尼勒克县
998,5.9,2018/10/21 9:40,-29.55,60.7,10,西南印度洋海岭
999,3.7,2018/10/21 9:22,43.1,90.77,13,新疆吐鲁番市鄯善县
1000,3.1,2018/10/21 8:20,25.17,99.49,10,云南大理州永平县
1001,4.5,2018/10/20 18:47,41.87,82.27,22,新疆阿克苏地区拜城县
1002,3.2,2018/10/20 17:17,41.84,82.26,22,新疆阿克苏地区拜城县
1003,3.7,2018/10/20 11:53,38.93,89.46,10,新疆巴音郭楞州若羌县
1004,5.1,2018/10/19 21:25,38.32,74.11,160,塔吉克斯坦
1005,3,2018/10/19 17:47,46.21,90.29,14,新疆阿勒泰地区青河县
1006,4.8,2018/10/18 15:52,33.48,89.18,18,西藏那曲市双湖县
1007,3.6,2018/10/18 4:08,39.49,95.3,9,甘肃酒泉市肃北县
1008,3.3,2018/10/17 23:34,32.94,90.19,5,西藏那曲市安多县
1009,4.5,2018/10/17 13:29,25.89,102.21,11,云南楚雄州武定县
1010,4.1,2018/10/17 13:16,33.54,89.32,7,西藏那曲市双湖县
1011,3.1,2018/10/17 0:03,38.92,89.45,6,新疆巴音郭楞州若羌县
1012,3.3,2018/10/16 22:33,33.29,89.53,6,西藏那曲市双湖县
1013,3.8,2018/10/16 19:05,32.86,90.28,8,西藏那曲市安多县
1014,3.2,2018/10/16 18:57,23.31,101.57,6,云南普洱市墨江县
1015,3,2018/10/16 10:17,44.16,82.53,10,新疆博尔塔拉州精河县
1016,5.4,2018/10/16 10:10,44.19,82.53,10,新疆博尔塔拉州精河县
1017,6.9,2018/10/16 9:03,-21.65,169.61,10,洛亚蒂群岛东南
1018,6.5,2018/10/16 8:28,-21.75,169.61,10,洛亚蒂群岛东南
1019,3.2,2018/10/15 22:12,38.38,75.71,139,新疆克孜勒苏州阿克陶县
1020,4.2,2018/10/14 13:16,39.26,72.72,10,吉尔吉斯斯坦
1021,2.8,2018/10/14 5:08,31.31,103.45,16,四川阿坝州汶川县
1022,6.6,2018/10/13 19:10,52.85,153.55,470,鄂霍次克海
1023,4.1,2018/10/11 17:10,31.03,110.47,7,湖北宜昌市秭归县
1024,4.5,2018/10/11 15:06,31.03,110.47,7,湖北宜昌市秭归县
1025,3.6,2018/10/11 14:53,36.66,80.13,7,新疆和田地区和田县
1026,2.6,2018/10/11 7:16,35.76,113.95,7,河南安阳市林州市
1027,6.6,2018/10/11 7:15,49.15,156.4,10,千岛群岛
1028,6.2,2018/10/11 6:00,-4.9,151.75,80,巴布亚新几内亚
1029,7.1,2018/10/11 4:48,-5.7,151.25,20,巴布亚新几内亚
1030,5.8,2018/10/11 4:45,-5.8,151.4,20,巴布亚新几内亚
1031,6,2018/10/11 2:44,-7.45,114.5,20,印尼巴厘海
1032,3,2018/10/10 22:47,43.78,88.35,30,新疆乌鲁木齐市达坂城区
1033,4.6,2018/10/10 17:43,24.9,122.11,10,台湾新北市海域
1034,3.1,2018/10/10 7:30,40.63,79.61,9,新疆阿克苏地区柯坪县
1035,6.2,2018/10/9 15:45,49.33,156.45,30,千岛群岛
1036,4.1,2018/10/9 6:55,40.86,83.5,18,新疆阿克苏地区沙雅县
1037,4.3,2018/10/8 22:47,39.53,74.74,10,新疆克孜勒苏州乌恰县
1038,3.2,2018/10/8 22:01,23.38,101.61,8,云南普洱市墨江县
1039,5.3,2018/10/8 4:00,20,-72.85,10,海地地区
1040,4.2,2018/10/7 19:15,43.24,87.27,10,新疆乌鲁木齐市乌鲁木齐县
1041,5.9,2018/10/7 8:11,20.05,-72.85,10,海地地区
1042,4.1,2018/10/7 5:46,33.64,89.07,7,西藏那曲市双湖县
1043,3.7,2018/10/7 4:04,36.84,84.98,6,新疆巴音郭楞州且末县
1044,4.2,2018/10/6 23:35,35.52,89.36,7,西藏那曲市安多县
1045,2.9,2018/10/6 23:06,22.19,111.97,13,广东阳江市阳东区
1046,2.9,2018/10/5 17:22,31.22,103.73,20,四川成都市彭州市
1047,5.6,2018/10/4 12:16,-17.9,-178.4,580,斐济群岛地区
1048,3.9,2018/10/2 18:28,34.14,84.01,7,西藏阿里地区改则县
1049,5.6,2018/10/2 12:49,-10.53,120.15,10,印尼松巴岛地区
1050,5.9,2018/10/2 8:16,-10.44,120.23,10,印尼松巴岛地区
1051,5.8,2018/10/2 7:59,-10.47,120.25,10,印尼松巴岛地区
1052,5.3,2018/10/1 13:43,-0.05,119.6,20,印度尼西亚
1053,3.1,2018/10/1 13:09,29.22,111.6,7,湖南常德市鼎城区
1054,3,2018/10/1 5:30,39.77,82.65,9,新疆阿克苏地区沙雅县
1055,6.7,2018/9/30 18:52,-18.3,-178.12,550,斐济群岛地区
1056,3.2,2018/9/30 11:53,41.24,83.58,6,新疆阿克苏地区库车县
1057,3.3,2018/9/29 8:48,40.17,78.06,27,新疆阿克苏地区柯坪县
1058,5.7,2018/9/28 21:35,-0.01,119.8,15,印度尼西亚
1059,7.4,2018/9/28 18:02,-0.25,119.9,10,印度尼西亚
1060,6,2018/9/28 15:00,-0.2,120,10,印度尼西亚
1061,5.1,2018/9/28 5:13,34.27,80.71,6,西藏阿里地区日土县
1062,3.2,2018/9/26 18:32,26.21,104.72,8,贵州六盘水市水城县
1063,4.3,2018/9/26 15:50,44.25,83.52,7,新疆塔城地区乌苏市
1064,3.2,2018/9/26 1:15,29.46,104.52,5,四川自贡市荣县
1065,3.2,2018/9/23 23:43,27.92,101.36,9,四川凉山州木里县
1066,2.9,2018/9/23 21:22,42.41,123.59,0,辽宁铁岭市调兵山市(矿震)
1067,6,2018/9/23 13:52,12.16,146.21,40,马里亚纳群岛以南
1068,3.4,2018/9/21 9:51,29.46,104.52,5,四川自贡市荣县
1069,3,2018/9/20 13:24,39.7,76.89,7,新疆喀什地区伽师县
1070,2.8,2018/9/19 16:30,41.88,123.93,0,辽宁抚顺市顺城区(矿震)
1071,3.3,2018/9/19 11:50,43.3,82.57,22,新疆伊犁州巩留县
1072,5.9,2018/9/18 19:57,-8.15,157.21,10,所罗门群岛
1073,3.2,2018/9/18 18:00,39.57,87.63,6,新疆巴音郭楞州若羌县
1074,6,2018/9/17 5:11,-25.35,178.35,570,斐济群岛以南
1075,2.2,2018/9/16 17:43,39.96,117.13,8,河北廊坊市三河市
1076,4.5,2018/9/15 9:13,45.19,124.71,10,吉林松原市宁江区
1077,5.7,2018/9/14 23:50,-2.77,138.88,30,印度尼西亚
1078,3.4,2018/9/14 15:13,34.92,92.33,9,青海玉树州治多县
1079,5.3,2018/9/12 19:06,32.75,105.69,11,陕西汉中市宁强县
1080,5.4,2018/9/12 12:50,26.36,90.18,20,印度
1081,3.6,2018/9/12 7:45,36.4,76.31,17,新疆喀什地区塔什库尔干县
1082,6.1,2018/9/11 3:31,-22.03,170.14,10,洛亚蒂群岛地区
1083,7,2018/9/10 12:18,-31.95,-179.25,120,克马德克群岛
1084,6.5,2018/9/10 3:31,-9.8,161.55,100,所罗门群岛
1085,3.1,2018/9/9 17:38,44.89,80.93,18,新疆博尔塔拉州温泉县
1086,3.7,2018/9/9 7:49,37.4,95.18,10,青海海西州直辖区
1087,4.2,2018/9/9 6:24,40.87,83.51,16,新疆阿克苏地区沙雅县
1088,3.8,2018/9/9 1:45,46.88,83.1,17,新疆塔城地区塔城市
1089,6.1,2018/9/8 15:16,7.25,126.5,20,菲律宾棉兰老岛
1090,4.7,2018/9/8 10:35,23.28,101.6,15,云南普洱市墨江县
1091,4.1,2018/9/8 10:34,23.27,101.57,11,云南普洱市墨江县
1092,5.9,2018/9/8 10:31,23.28,101.53,11,云南普洱市墨江县
1093,5.5,2018/9/7 14:23,28.2,59.4,10,伊朗
1094,5.6,2018/9/7 13:10,-17.92,-177.86,590,斐济群岛地区
1095,5.6,2018/9/7 10:39,-28.82,-69.91,90,智利
1096,6.3,2018/9/7 10:12,-2.3,-78.86,100,厄瓜多尔
1097,5.3,2018/9/7 9:47,8.01,-77.54,20,巴拿马
1098,3,2018/9/7 9:01,39.51,77.01,6,新疆喀什地区伽师县
1099,3.1,2018/9/7 4:06,39.52,77.04,10,新疆喀什地区伽师县
1100,3.1,2018/9/7 2:47,22.25,100.08,5,云南普洱市澜沧县
1101,3.3,2018/9/7 2:42,39.51,77.02,6,新疆喀什地区伽师县
1102,2.5,2018/9/6 23:58,39.07,110.5,0,陕西榆林市神木市(塌陷)
1103,7.8,2018/9/6 23:49,-18.45,179.35,640,斐济群岛地区
1104,5.2,2018/9/6 5:11,42.78,142.2,30,日本北海道地区
1105,6.9,2018/9/6 2:08,42.65,142,40,日本北海道地区
1106,3.8,2018/9/5 11:15,39.55,77.01,22,新疆喀什地区伽师县
1107,3.6,2018/9/5 2:44,39.47,76.99,18,新疆喀什地区伽师县
1108,3,2018/9/5 1:52,39.55,77.02,22,新疆喀什地区伽师县
1109,3.4,2018/9/4 21:57,39.5,76.95,25,新疆喀什地区伽师县
1110,3.2,2018/9/4 21:11,39.55,77.02,24,新疆喀什地区伽师县
1111,3,2018/9/4 15:11,39.53,76.96,23,新疆喀什地区伽师县
1112,3.1,2018/9/4 11:26,39.52,76.96,18,新疆喀什地区伽师县
1113,4.6,2018/9/4 10:51,39.48,76.89,17,新疆喀什地区伽师县
1114,3.8,2018/9/4 8:25,39.51,77.03,7,新疆喀什地区伽师县
1115,3,2018/9/4 7:29,39.41,77.08,6,新疆喀什地区伽师县
1116,3.1,2018/9/4 7:20,39.51,77.03,6,新疆喀什地区伽师县
1117,3.3,2018/9/4 6:52,39.5,77.02,9,新疆喀什地区伽师县
1118,3.3,2018/9/4 6:48,39.55,76.97,22,新疆喀什地区伽师县
1119,3,2018/9/4 6:24,39.51,77,5,新疆喀什地区伽师县
1120,5.5,2018/9/4 5:52,39.51,76.98,8,新疆喀什地区伽师县
1121,4.7,2018/9/4 5:51,39.51,77,7,新疆喀什地区伽师县
1122,5.1,2018/9/2 8:15,-8.27,116.48,20,印尼龙目岛
1123,3.4,2018/9/1 16:11,34.19,83.87,6,西藏阿里地区改则县
1124,3,2018/9/1 5:18,41.37,83.72,7,新疆阿克苏地区库车县
1125,5,2018/8/31 15:12,39.38,21.61,20,希腊
1126,3.3,2018/8/31 13:46,43.41,82.24,20,新疆伊犁州巩留县
1127,2.9,2018/8/30 16:40,27.13,100.02,11,云南迪庆州香格里拉市
1128,4.2,2018/8/30 7:32,34.08,83.95,7,西藏阿里地区改则县
1129,5.2,2018/8/30 5:33,8.65,-83.2,20,哥斯达黎加
1130,4,2018/8/29 22:01,34.01,83.92,8,西藏阿里地区改则县
1131,3,2018/8/29 15:59,39.95,77.5,38,新疆克孜勒苏州阿图什市
1132,7.1,2018/8/29 11:51,-21.95,170.1,20,洛亚蒂群岛地区
1133,6.3,2018/8/29 6:35,16.65,146.9,40,马里亚纳群岛
1134,3.7,2018/8/29 4:46,27.92,101.39,18,四川凉山州木里县
1135,3.1,2018/8/28 23:30,27.93,101.42,13,四川凉山州木里县
1136,6.3,2018/8/28 15:08,-10.89,124.12,10,帝汶海
1137,3.2,2018/8/28 13:56,23.06,100.96,5,云南普洱市宁洱县
1138,3,2018/8/27 19:20,43.56,83.17,7,新疆伊犁州新源县
1139,2.2,2018/8/27 16:50,28.03,105.09,6,云南昭通市威信县
1140,2.5,2018/8/26 15:32,37.7,102.24,5,甘肃武威市天祝县
1141,3.4,2018/8/26 15:29,37.69,102.24,10,甘肃武威市天祝县
1142,6.1,2018/8/26 6:13,34.62,46.22,10,伊朗
1143,5.5,2018/8/26 2:33,-8.6,116.99,20,印尼松巴哇岛
1144,6,2018/8/26 0:49,52.24,-171.21,20,福克斯群岛
1145,3.3,2018/8/25 17:52,39.59,75.28,20,新疆克孜勒苏州乌恰县
1146,4.1,2018/8/25 11:18,45.01,80.89,22,新疆博尔塔拉州温泉县
1147,7.1,2018/8/24 17:04,-10.95,-70.75,600,秘鲁
1148,6.2,2018/8/23 11:35,51.35,-177.8,20,安德烈亚诺夫群岛
1149,5.6,2018/8/22 21:27,10.6,-62.85,120,委内瑞拉
1150,2.9,2018/8/22 18:21,22.7,101.17,9,云南普洱市思茅区
1151,6.2,2018/8/22 17:31,43.64,-127.55,10,美国俄勒冈州沿岸远海
1152,3.6,2018/8/22 16:01,39.18,73.91,7,新疆克孜勒苏州阿克陶县
1153,3.8,2018/8/22 16:00,39.2,74.06,6,新疆克孜勒苏州阿克陶县
1154,6.6,2018/8/22 6:32,-15.95,168.17,20,瓦努阿图群岛
1155,7.3,2018/8/22 5:31,10.76,-62.98,110,委内瑞拉沿岸近海
1156,4.5,2018/8/21 12:10,19.69,120.76,7,巴布延群岛海域
1157,6.9,2018/8/19 22:56,-8.5,116.65,20,印尼龙目岛
1158,2.8,2018/8/19 20:31,30.37,103.3,23,四川成都市邛崃市
1159,4.4,2018/8/19 16:18,33.27,88.76,8,西藏那曲市双湖县
1160,5.8,2018/8/19 14:36,-18.22,-178.21,530,斐济群岛地区
1161,6.8,2018/8/19 12:28,-16.95,-178.05,430,斐济群岛地区
1162,6.3,2018/8/19 12:10,-8.41,116.57,20,印尼龙目岛
1163,6,2018/8/19 10:18,-18.31,-178.25,620,斐济群岛地区
1164,3,2018/8/19 9:16,22.68,101.19,5,云南普洱市思茅区
1165,8.1,2018/8/19 8:19,-18.08,-178.06,570,斐济群岛地区
1166,2.1,2018/8/19 4:50,39.76,118.45,15,河北唐山市古冶区
1167,3,2018/8/19 4:06,39.85,75.24,23,新疆克孜勒苏州乌恰县
1168,3,2018/8/18 8:24,43.84,86.35,7,新疆昌吉州呼图壁县
1169,4.7,2018/8/18 8:15,24.06,120.94,10,台湾南投县
1170,4.8,2018/8/18 7:43,43.81,86.39,7,新疆昌吉州呼图壁县
1171,6,2018/8/18 7:22,8.7,-83.17,10,哥斯达黎加
1172,3.8,2018/8/18 1:36,27.42,103.96,7,贵州毕节市威宁县
1173,6.4,2018/8/17 23:35,-7.45,119.85,540,弗洛勒斯海
1174,4.5,2018/8/17 18:09,24.02,121.03,19,台湾南投县
1175,6.5,2018/8/17 2:22,23.45,143.27,12,日本火山列岛地区
1176,6.3,2018/8/17 2:21,23.41,143.34,10,日本火山列岛地区
1177,2.2,2018/8/16 13:50,39.88,117.25,8,天津蓟州区
1178,2.5,2018/8/16 13:09,39.16,110.73,0,陕西榆林市府谷县(塌陷)
1179,6.6,2018/8/16 5:56,51.49,-177.98,10,安德烈亚诺夫群岛
1180,4.4,2018/8/15 21:28,27.43,104,10,贵州毕节市威宁县
1181,6.1,2018/8/14 11:29,-58.04,-25.19,30,南桑威奇群岛地区
1182,3.4,2018/8/14 11:10,32.76,97.21,8,青海玉树州玉树市
1183,3,2018/8/14 3:52,24.19,102.72,7,云南玉溪市通海县
1184,5,2018/8/14 3:50,24.19,102.71,6,云南玉溪市通海县
1185,2.1,2018/8/14 2:40,39.77,118.45,14,河北唐山市古冶区
1186,2.9,2018/8/13 10:40,24.2,102.72,7,云南玉溪市通海县
1187,3.6,2018/8/13 9:31,19.9,113.05,10,南海
1188,2.6,2018/8/13 8:20,39.93,118.96,9,河北秦皇岛市卢龙县
1189,2.8,2018/8/13 2:30,24.19,102.71,7,云南玉溪市通海县
1190,3.5,2018/8/13 1:49,24.18,102.72,9,云南玉溪市通海县
1191,3.3,2018/8/13 1:48,24.19,102.71,6,云南玉溪市通海县
1192,5,2018/8/13 1:44,24.19,102.71,7,云南玉溪市通海县
1193,6.3,2018/8/12 22:58,69.64,-145.53,10,美国阿拉斯加
1194,3.2,2018/8/12 2:00,45.24,124.67,9,吉林松原市宁江区
1195,3.8,2018/8/11 14:11,28.63,103.31,17,四川乐山市马边县
1196,2.6,2018/8/11 6:29,39.93,118.96,8,河北秦皇岛市卢龙县
1197,6,2018/8/11 2:12,48.42,154.8,10,千岛群岛
1198,3.2,2018/8/11 1:17,27.23,103.89,14,贵州毕节市威宁县
1199,3.7,2018/8/10 20:54,39.76,97.79,12,甘肃酒泉市玉门市
1200,3,2018/8/10 18:30,27.25,103.95,20,贵州毕节市威宁县
1201,2.3,2018/8/10 18:24,39.78,118.46,9,河北唐山市古冶区
1202,2.9,2018/8/10 17:09,28.13,104.87,6,四川宜宾市珙县
1203,4.7,2018/8/9 16:01,20.98,119.96,15,台湾屏东县海域
1204,5.9,2018/8/9 13:25,-8.44,116.23,20,印尼龙目岛
1205,2.8,2018/8/9 4:22,39.93,118.96,11,河北秦皇岛市卢龙县
1206,3.6,2018/8/9 4:19,39.12,74.05,7,新疆克孜勒苏州阿克陶县
1207,3.2,2018/8/8 5:29,31.08,95.09,7,西藏昌都市边坝县
